id,image_path,true_letter,confused_with
1,letter_reversal/images/m_0567.png,m,w
2,letter_reversal/images/u_0288.png,u,n
3,letter_reversal/images/p_1196.png,p,q
4,letter_reversal/images/u_0278.png,u,n
5,letter_reversal/images/n_0202.png,n,u
6,letter_reversal/images/q_0975.png,q,p
7,letter_reversal/images/n_1963.png,n,u
8,letter_reversal/images/w_0709.png,w,m
9,letter_reversal/images/u_0196.png,u,n
10,letter_reversal/images/m_0419.png,m,w
11,letter_reversal/images/d_0571.png,d,b
12,letter_reversal/images/p_1382.png,p,q
13,letter_reversal/images/n_1961.png,n,u
14,letter_reversal/images/n_0784.png,n,u
15,letter_reversal/images/p_1086.png,p,q
16,letter_reversal/images/d_0780.png,d,b
17,letter_reversal/images/b_1616.png,b,d
18,letter_reversal/images/n_0185.png,n,u
19,letter_reversal/images/q_1579.png,q,p
20,letter_reversal/images/n_1937.png,n,u
21,letter_reversal/images/d_0881.png,d,b
22,letter_reversal/images/n_0183.png,n,u
23,letter_reversal/images/m_1274.png,m,w
24,letter_reversal/images/n_0551.png,n,u
25,letter_reversal/images/d_0336.png,d,b
26,letter_reversal/images/q_1365.png,q,p
27,letter_reversal/images/d_1731.png,d,b
28,letter_reversal/images/d_1910.png,d,b
29,letter_reversal/images/p_1990.png,p,q
30,letter_reversal/images/b_0920.png,b,d
31,letter_reversal/images/m_0680.png,m,w
32,letter_reversal/images/w_1544.png,w,m
33,letter_reversal/images/w_1151.png,w,m
34,letter_reversal/images/q_0755.png,q,p
35,letter_reversal/images/p_1882.png,p,q
36,letter_reversal/images/d_1861.png,d,b
37,letter_reversal/images/w_0107.png,w,m
38,letter_reversal/images/n_0800.png,n,u
39,letter_reversal/images/q_1424.png,q,p
40,letter_reversal/images/d_0949.png,d,b
41,letter_reversal/images/w_1446.png,w,m
42,letter_reversal/images/n_1811.png,n,u
43,letter_reversal/images/w_1288.png,w,m
44,letter_reversal/images/n_0251.png,n,u
45,letter_reversal/images/w_0362.png,w,m
46,letter_reversal/images/p_0513.png,p,q
47,letter_reversal/images/m_0759.png,m,w
48,letter_reversal/images/m_0176.png,m,w
49,letter_reversal/images/q_1531.png,q,p
50,letter_reversal/images/w_1778.png,w,m
51,letter_reversal/images/d_1204.png,d,b
52,letter_reversal/images/p_1234.png,p,q
53,letter_reversal/images/p_0456.png,p,q
54,letter_reversal/images/n_1871.png,n,u
55,letter_reversal/images/p_1765.png,p,q
56,letter_reversal/images/m_0665.png,m,w
57,letter_reversal/images/p_1529.png,p,q
58,letter_reversal/images/b_0488.png,b,d
59,letter_reversal/images/w_0171.png,w,m
60,letter_reversal/images/w_1909.png,w,m
61,letter_reversal/images/p_0002.png,p,q
62,letter_reversal/images/u_0016.png,u,n
63,letter_reversal/images/n_0252.png,n,u
64,letter_reversal/images/m_0526.png,m,w
65,letter_reversal/images/w_0321.png,w,m
66,letter_reversal/images/u_1648.png,u,n
67,letter_reversal/images/p_0043.png,p,q
68,letter_reversal/images/b_1460.png,b,d
69,letter_reversal/images/b_1132.png,b,d
70,letter_reversal/images/m_1842.png,m,w
71,letter_reversal/images/u_1238.png,u,n
72,letter_reversal/images/b_1143.png,b,d
73,letter_reversal/images/p_1883.png,p,q
74,letter_reversal/images/m_1808.png,m,w
75,letter_reversal/images/q_1258.png,q,p
76,letter_reversal/images/u_0631.png,u,n
77,letter_reversal/images/p_0957.png,p,q
78,letter_reversal/images/m_1012.png,m,w
79,letter_reversal/images/u_1516.png,u,n
80,letter_reversal/images/q_0583.png,q,p
81,letter_reversal/images/q_1932.png,q,p
82,letter_reversal/images/p_1254.png,p,q
83,letter_reversal/images/u_0112.png,u,n
84,letter_reversal/images/m_0165.png,m,w
85,letter_reversal/images/m_1912.png,m,w
86,letter_reversal/images/n_1221.png,n,u
87,letter_reversal/images/q_0319.png,q,p
88,letter_reversal/images/b_0839.png,b,d
89,letter_reversal/images/n_1606.png,n,u
90,letter_reversal/images/m_1673.png,m,w
91,letter_reversal/images/d_1624.png,d,b
92,letter_reversal/images/p_0331.png,p,q
93,letter_reversal/images/q_1361.png,q,p
94,letter_reversal/images/u_1906.png,u,n
95,letter_reversal/images/m_0824.png,m,w
96,letter_reversal/images/u_1903.png,u,n
97,letter_reversal/images/q_1994.png,q,p
98,letter_reversal/images/b_0173.png,b,d
99,letter_reversal/images/w_0891.png,w,m
100,letter_reversal/images/w_0458.png,w,m
101,letter_reversal/images/b_1948.png,b,d
102,letter_reversal/images/d_0298.png,d,b
103,letter_reversal/images/m_1509.png,m,w
104,letter_reversal/images/m_0158.png,m,w
105,letter_reversal/images/p_1062.png,p,q
106,letter_reversal/images/p_1237.png,p,q
107,letter_reversal/images/b_1138.png,b,d
108,letter_reversal/images/q_1224.png,q,p
109,letter_reversal/images/w_1019.png,w,m
110,letter_reversal/images/d_0245.png,d,b
111,letter_reversal/images/u_0015.png,u,n
112,letter_reversal/images/m_1899.png,m,w
113,letter_reversal/images/d_1888.png,d,b
114,letter_reversal/images/b_1847.png,b,d
115,letter_reversal/images/n_1402.png,n,u
116,letter_reversal/images/b_0194.png,b,d
117,letter_reversal/images/m_0406.png,m,w
118,letter_reversal/images/b_0711.png,b,d
119,letter_reversal/images/n_1229.png,n,u
120,letter_reversal/images/n_0964.png,n,u
121,letter_reversal/images/b_1617.png,b,d
122,letter_reversal/images/b_0531.png,b,d
123,letter_reversal/images/w_0670.png,w,m
124,letter_reversal/images/b_0104.png,b,d
125,letter_reversal/images/m_0895.png,m,w
126,letter_reversal/images/q_0983.png,q,p
127,letter_reversal/images/w_0751.png,w,m
128,letter_reversal/images/m_1079.png,m,w
129,letter_reversal/images/u_0605.png,u,n
130,letter_reversal/images/w_1259.png,w,m
131,letter_reversal/images/n_0215.png,n,u
132,letter_reversal/images/u_0461.png,u,n
133,letter_reversal/images/n_1459.png,n,u
134,letter_reversal/images/w_0627.png,w,m
135,letter_reversal/images/w_0770.png,w,m
136,letter_reversal/images/b_1728.png,b,d
137,letter_reversal/images/d_1970.png,d,b
138,letter_reversal/images/m_0468.png,m,w
139,letter_reversal/images/d_0396.png,d,b
140,letter_reversal/images/u_0292.png,u,n
141,letter_reversal/images/m_1506.png,m,w
142,letter_reversal/images/b_1364.png,b,d
143,letter_reversal/images/d_1545.png,d,b
144,letter_reversal/images/b_0211.png,b,d
145,letter_reversal/images/q_1113.png,q,p
146,letter_reversal/images/q_0852.png,q,p
147,letter_reversal/images/q_0829.png,q,p
148,letter_reversal/images/w_1282.png,w,m
149,letter_reversal/images/w_0903.png,w,m
150,letter_reversal/images/u_1571.png,u,n
151,letter_reversal/images/w_0807.png,w,m
152,letter_reversal/images/d_1295.png,d,b
153,letter_reversal/images/q_0507.png,q,p
154,letter_reversal/images/w_0348.png,w,m
155,letter_reversal/images/n_0666.png,n,u
156,letter_reversal/images/d_1386.png,d,b
157,letter_reversal/images/n_0122.png,n,u
158,letter_reversal/images/d_0873.png,d,b
159,letter_reversal/images/b_0700.png,b,d
160,letter_reversal/images/n_1280.png,n,u
161,letter_reversal/images/w_0312.png,w,m
162,letter_reversal/images/w_1497.png,w,m
163,letter_reversal/images/d_1377.png,d,b
164,letter_reversal/images/w_0640.png,w,m
165,letter_reversal/images/q_0229.png,q,p
166,letter_reversal/images/b_0679.png,b,d
167,letter_reversal/images/d_0496.png,d,b
168,letter_reversal/images/p_0634.png,p,q
169,letter_reversal/images/w_0116.png,w,m
170,letter_reversal/images/u_0933.png,u,n
171,letter_reversal/images/n_0501.png,n,u
172,letter_reversal/images/d_0877.png,d,b
173,letter_reversal/images/d_1381.png,d,b
174,letter_reversal/images/u_0149.png,u,n
175,letter_reversal/images/m_0857.png,m,w
176,letter_reversal/images/p_1685.png,p,q
177,letter_reversal/images/u_1487.png,u,n
178,letter_reversal/images/q_1547.png,q,p
179,letter_reversal/images/d_0511.png,d,b
180,letter_reversal/images/b_0480.png,b,d
181,letter_reversal/images/m_0590.png,m,w
182,letter_reversal/images/b_0519.png,b,d
183,letter_reversal/images/b_0072.png,b,d
184,letter_reversal/images/u_0234.png,u,n
185,letter_reversal/images/b_1557.png,b,d
186,letter_reversal/images/q_1130.png,q,p
187,letter_reversal/images/p_0440.png,p,q
188,letter_reversal/images/d_0209.png,d,b
189,letter_reversal/images/b_1016.png,b,d
190,letter_reversal/images/u_1218.png,u,n
191,letter_reversal/images/w_1784.png,w,m
192,letter_reversal/images/m_0296.png,m,w
193,letter_reversal/images/w_0310.png,w,m
194,letter_reversal/images/u_0041.png,u,n
195,letter_reversal/images/b_0020.png,b,d
196,letter_reversal/images/u_0282.png,u,n
197,letter_reversal/images/q_0738.png,q,p
198,letter_reversal/images/m_0970.png,m,w
199,letter_reversal/images/m_1324.png,m,w
200,letter_reversal/images/b_0692.png,b,d
201,letter_reversal/images/m_0662.png,m,w
202,letter_reversal/images/w_0446.png,w,m
203,letter_reversal/images/w_0338.png,w,m
204,letter_reversal/images/m_1286.png,m,w
205,letter_reversal/images/p_1798.png,p,q
206,letter_reversal/images/b_0995.png,b,d
207,letter_reversal/images/u_1759.png,u,n
208,letter_reversal/images/p_1156.png,p,q
209,letter_reversal/images/m_0782.png,m,w
210,letter_reversal/images/b_1165.png,b,d
211,letter_reversal/images/w_1368.png,w,m
212,letter_reversal/images/b_1353.png,b,d
213,letter_reversal/images/q_1575.png,q,p
214,letter_reversal/images/q_1033.png,q,p
215,letter_reversal/images/n_0981.png,n,u
216,letter_reversal/images/q_1993.png,q,p
217,letter_reversal/images/q_1688.png,q,p
218,letter_reversal/images/m_0130.png,m,w
219,letter_reversal/images/n_0897.png,n,u
220,letter_reversal/images/q_0181.png,q,p
221,letter_reversal/images/u_1631.png,u,n
222,letter_reversal/images/q_1813.png,q,p
223,letter_reversal/images/w_1077.png,w,m
224,letter_reversal/images/d_1851.png,d,b
225,letter_reversal/images/u_0556.png,u,n
226,letter_reversal/images/u_0797.png,u,n
227,letter_reversal/images/n_0697.png,n,u
228,letter_reversal/images/d_0789.png,d,b
229,letter_reversal/images/p_1793.png,p,q
230,letter_reversal/images/w_0000.png,w,m
231,letter_reversal/images/m_0075.png,m,w
232,letter_reversal/images/n_0725.png,n,u
233,letter_reversal/images/n_1892.png,n,u
234,letter_reversal/images/m_0885.png,m,w
235,letter_reversal/images/d_1418.png,d,b
236,letter_reversal/images/u_1328.png,u,n
237,letter_reversal/images/m_0006.png,m,w
238,letter_reversal/images/w_0465.png,w,m
239,letter_reversal/images/p_0277.png,p,q
240,letter_reversal/images/p_1491.png,p,q
241,letter_reversal/images/u_1103.png,u,n
242,letter_reversal/images/w_0208.png,w,m
243,letter_reversal/images/m_0573.png,m,w
244,letter_reversal/images/p_1559.png,p,q
245,letter_reversal/images/d_0775.png,d,b
246,letter_reversal/images/b_1508.png,b,d
247,letter_reversal/images/m_1669.png,m,w
248,letter_reversal/images/m_0727.png,m,w
249,letter_reversal/images/b_1738.png,b,d
250,letter_reversal/images/d_1357.png,d,b
251,letter_reversal/images/q_0135.png,q,p
252,letter_reversal/images/p_0603.png,p,q
253,letter_reversal/images/d_0720.png,d,b
254,letter_reversal/images/u_0281.png,u,n
255,letter_reversal/images/w_1200.png,w,m
256,letter_reversal/images/w_0157.png,w,m
257,letter_reversal/images/n_1409.png,n,u
258,letter_reversal/images/b_1350.png,b,d
259,letter_reversal/images/n_1064.png,n,u
260,letter_reversal/images/u_1127.png,u,n
261,letter_reversal/images/q_1705.png,q,p
262,letter_reversal/images/b_0335.png,b,d
263,letter_reversal/images/d_1671.png,d,b
264,letter_reversal/images/u_0441.png,u,n
265,letter_reversal/images/u_0269.png,u,n
266,letter_reversal/images/n_0748.png,n,u
267,letter_reversal/images/n_1214.png,n,u
268,letter_reversal/images/b_1210.png,b,d
269,letter_reversal/images/p_1256.png,p,q
270,letter_reversal/images/u_0154.png,u,n
271,letter_reversal/images/q_0404.png,q,p
272,letter_reversal/images/u_0414.png,u,n
273,letter_reversal/images/p_1800.png,p,q
274,letter_reversal/images/b_1360.png,b,d
275,letter_reversal/images/b_0616.png,b,d
276,letter_reversal/images/u_1235.png,u,n
277,letter_reversal/images/w_1172.png,w,m
278,letter_reversal/images/w_0204.png,w,m
279,letter_reversal/images/n_1141.png,n,u
280,letter_reversal/images/d_0368.png,d,b
281,letter_reversal/images/n_1339.png,n,u
282,letter_reversal/images/u_1056.png,u,n
283,letter_reversal/images/b_1829.png,b,d
284,letter_reversal/images/w_1244.png,w,m
285,letter_reversal/images/q_0126.png,q,p
286,letter_reversal/images/m_1926.png,m,w
287,letter_reversal/images/q_1185.png,q,p
288,letter_reversal/images/d_1984.png,d,b
289,letter_reversal/images/q_0117.png,q,p
290,letter_reversal/images/d_1486.png,d,b
291,letter_reversal/images/w_1021.png,w,m
292,letter_reversal/images/p_1149.png,p,q
293,letter_reversal/images/u_0145.png,u,n
294,letter_reversal/images/d_1465.png,d,b
295,letter_reversal/images/q_0719.png,q,p
296,letter_reversal/images/u_0506.png,u,n
297,letter_reversal/images/b_1180.png,b,d
298,letter_reversal/images/d_0536.png,d,b
299,letter_reversal/images/b_1637.png,b,d
300,letter_reversal/images/u_1619.png,u,n
301,letter_reversal/images/p_1414.png,p,q
302,letter_reversal/images/p_0502.png,p,q
303,letter_reversal/images/b_0707.png,b,d
304,letter_reversal/images/u_0025.png,u,n
305,letter_reversal/images/b_1389.png,b,d
306,letter_reversal/images/n_1857.png,n,u
307,letter_reversal/images/m_1117.png,m,w
308,letter_reversal/images/w_1577.png,w,m
309,letter_reversal/images/m_1935.png,m,w
310,letter_reversal/images/p_0834.png,p,q
311,letter_reversal/images/b_1092.png,b,d
312,letter_reversal/images/u_1046.png,u,n
313,letter_reversal/images/b_0068.png,b,d
314,letter_reversal/images/b_0893.png,b,d
315,letter_reversal/images/u_0814.png,u,n
316,letter_reversal/images/u_1342.png,u,n
317,letter_reversal/images/b_1549.png,b,d
318,letter_reversal/images/w_1660.png,w,m
319,letter_reversal/images/b_1397.png,b,d
320,letter_reversal/images/u_0175.png,u,n
321,letter_reversal/images/m_1911.png,m,w
322,letter_reversal/images/m_0266.png,m,w
323,letter_reversal/images/d_0861.png,d,b
324,letter_reversal/images/w_1163.png,w,m
325,letter_reversal/images/w_1719.png,w,m
326,letter_reversal/images/w_1632.png,w,m
327,letter_reversal/images/q_1814.png,q,p
328,letter_reversal/images/b_0216.png,b,d
329,letter_reversal/images/w_0178.png,w,m
330,letter_reversal/images/d_1985.png,d,b
331,letter_reversal/images/m_1216.png,m,w
332,letter_reversal/images/w_0669.png,w,m
333,letter_reversal/images/w_1986.png,w,m
334,letter_reversal/images/q_0494.png,q,p
335,letter_reversal/images/p_0060.png,p,q
336,letter_reversal/images/p_1393.png,p,q
337,letter_reversal/images/n_1594.png,n,u
338,letter_reversal/images/d_1322.png,d,b
339,letter_reversal/images/m_1189.png,m,w
340,letter_reversal/images/u_1769.png,u,n
341,letter_reversal/images/q_1880.png,q,p
342,letter_reversal/images/m_1197.png,m,w
343,letter_reversal/images/q_1166.png,q,p
344,letter_reversal/images/d_0799.png,d,b
345,letter_reversal/images/b_1094.png,b,d
346,letter_reversal/images/m_1708.png,m,w
347,letter_reversal/images/n_1061.png,n,u
348,letter_reversal/images/w_1748.png,w,m
349,letter_reversal/images/n_1792.png,n,u
350,letter_reversal/images/w_1887.png,w,m
351,letter_reversal/images/q_0934.png,q,p
352,letter_reversal/images/m_0826.png,m,w
353,letter_reversal/images/u_1240.png,u,n
354,letter_reversal/images/d_0828.png,d,b
355,letter_reversal/images/p_1303.png,p,q
356,letter_reversal/images/n_1104.png,n,u
357,letter_reversal/images/p_0941.png,p,q
358,letter_reversal/images/u_0152.png,u,n
359,letter_reversal/images/q_1503.png,q,p
360,letter_reversal/images/q_0240.png,q,p
361,letter_reversal/images/p_0773.png,p,q
362,letter_reversal/images/n_0778.png,n,u
363,letter_reversal/images/n_1949.png,n,u
364,letter_reversal/images/m_1383.png,m,w
365,letter_reversal/images/b_0490.png,b,d
366,letter_reversal/images/d_0037.png,d,b
367,letter_reversal/images/b_0070.png,b,d
368,letter_reversal/images/m_0453.png,m,w
369,letter_reversal/images/b_0950.png,b,d
370,letter_reversal/images/b_1119.png,b,d
371,letter_reversal/images/p_0767.png,p,q
372,letter_reversal/images/n_0523.png,n,u
373,letter_reversal/images/u_0074.png,u,n
374,letter_reversal/images/m_0758.png,m,w
375,letter_reversal/images/b_1431.png,b,d
376,letter_reversal/images/d_0207.png,d,b
377,letter_reversal/images/n_1919.png,n,u
378,letter_reversal/images/q_1790.png,q,p
379,letter_reversal/images/b_1922.png,b,d
380,letter_reversal/images/u_0842.png,u,n
381,letter_reversal/images/p_0134.png,p,q
382,letter_reversal/images/d_0247.png,d,b
383,letter_reversal/images/q_1041.png,q,p
384,letter_reversal/images/p_0688.png,p,q
385,letter_reversal/images/b_1796.png,b,d
386,letter_reversal/images/n_0124.png,n,u
387,letter_reversal/images/n_0250.png,n,u
388,letter_reversal/images/m_1928.png,m,w
389,letter_reversal/images/w_0366.png,w,m
390,letter_reversal/images/d_1625.png,d,b
391,letter_reversal/images/p_0443.png,p,q
392,letter_reversal/images/p_1649.png,p,q
393,letter_reversal/images/d_1867.png,d,b
394,letter_reversal/images/u_0821.png,u,n
395,letter_reversal/images/u_0470.png,u,n
396,letter_reversal/images/m_1083.png,m,w
397,letter_reversal/images/m_0808.png,m,w
398,letter_reversal/images/u_1468.png,u,n
399,letter_reversal/images/w_1920.png,w,m
400,letter_reversal/images/d_0687.png,d,b
401,letter_reversal/images/w_1846.png,w,m
402,letter_reversal/images/d_1466.png,d,b
403,letter_reversal/images/p_0766.png,p,q
404,letter_reversal/images/u_0491.png,u,n
405,letter_reversal/images/q_0256.png,q,p
406,letter_reversal/images/m_1904.png,m,w
407,letter_reversal/images/q_0172.png,q,p
408,letter_reversal/images/u_0311.png,u,n
409,letter_reversal/images/w_0056.png,w,m
410,letter_reversal/images/u_0190.png,u,n
411,letter_reversal/images/n_0445.png,n,u
412,letter_reversal/images/w_0932.png,w,m
413,letter_reversal/images/q_1351.png,q,p
414,letter_reversal/images/p_0150.png,p,q
415,letter_reversal/images/n_1047.png,n,u
416,letter_reversal/images/w_0062.png,w,m
417,letter_reversal/images/w_0686.png,w,m
418,letter_reversal/images/n_1527.png,n,u
419,letter_reversal/images/m_1528.png,m,w
420,letter_reversal/images/b_0044.png,b,d
421,letter_reversal/images/d_1988.png,d,b
422,letter_reversal/images/m_0291.png,m,w
423,letter_reversal/images/p_1500.png,p,q
424,letter_reversal/images/d_1329.png,d,b
425,letter_reversal/images/u_1032.png,u,n
426,letter_reversal/images/n_1484.png,n,u
427,letter_reversal/images/p_1219.png,p,q
428,letter_reversal/images/q_0109.png,q,p
429,letter_reversal/images/d_0927.png,d,b
430,letter_reversal/images/q_1349.png,q,p
431,letter_reversal/images/u_0376.png,u,n
432,letter_reversal/images/m_1872.png,m,w
433,letter_reversal/images/m_0629.png,m,w
434,letter_reversal/images/b_0516.png,b,d
435,letter_reversal/images/u_1312.png,u,n
436,letter_reversal/images/m_1969.png,m,w
437,letter_reversal/images/w_0237.png,w,m
438,letter_reversal/images/u_1034.png,u,n
439,letter_reversal/images/b_0333.png,b,d
440,letter_reversal/images/d_0055.png,d,b
441,letter_reversal/images/w_0222.png,w,m
442,letter_reversal/images/u_0653.png,u,n
443,letter_reversal/images/m_1283.png,m,w
444,letter_reversal/images/d_1159.png,d,b
445,letter_reversal/images/w_1543.png,w,m
446,letter_reversal/images/w_1001.png,w,m
447,letter_reversal/images/m_1502.png,m,w
448,letter_reversal/images/u_0326.png,u,n
449,letter_reversal/images/q_0672.png,q,p
450,letter_reversal/images/b_1478.png,b,d
451,letter_reversal/images/q_1519.png,q,p
452,letter_reversal/images/w_1000.png,w,m
453,letter_reversal/images/q_1780.png,q,p
454,letter_reversal/images/n_1634.png,n,u
455,letter_reversal/images/m_0955.png,m,w
456,letter_reversal/images/b_1458.png,b,d
457,letter_reversal/images/q_0916.png,q,p
458,letter_reversal/images/d_1013.png,d,b
459,letter_reversal/images/q_0497.png,q,p
460,letter_reversal/images/d_0503.png,d,b
461,letter_reversal/images/n_1923.png,n,u
462,letter_reversal/images/d_1743.png,d,b
463,letter_reversal/images/m_1017.png,m,w
464,letter_reversal/images/m_1608.png,m,w
465,letter_reversal/images/q_0005.png,q,p
466,letter_reversal/images/w_0473.png,w,m
467,letter_reversal/images/n_0656.png,n,u
468,letter_reversal/images/p_1284.png,p,q
469,letter_reversal/images/b_0435.png,b,d
470,letter_reversal/images/u_1514.png,u,n
471,letter_reversal/images/d_1474.png,d,b
472,letter_reversal/images/w_1960.png,w,m
473,letter_reversal/images/d_0518.png,d,b
474,letter_reversal/images/d_1696.png,d,b
475,letter_reversal/images/q_0660.png,q,p
476,letter_reversal/images/n_0929.png,n,u
477,letter_reversal/images/u_0628.png,u,n
478,letter_reversal/images/p_0270.png,p,q
479,letter_reversal/images/p_0093.png,p,q
480,letter_reversal/images/w_0791.png,w,m
481,letter_reversal/images/q_0872.png,q,p
482,letter_reversal/images/m_0914.png,m,w
483,letter_reversal/images/w_1201.png,w,m
484,letter_reversal/images/d_0187.png,d,b
485,letter_reversal/images/n_0061.png,n,u
486,letter_reversal/images/b_0357.png,b,d
487,letter_reversal/images/u_0868.png,u,n
488,letter_reversal/images/u_0562.png,u,n
489,letter_reversal/images/u_0732.png,u,n
490,letter_reversal/images/q_0030.png,q,p
491,letter_reversal/images/w_1770.png,w,m
492,letter_reversal/images/d_1507.png,d,b
493,letter_reversal/images/b_1532.png,b,d
494,letter_reversal/images/w_1106.png,w,m
495,letter_reversal/images/u_0703.png,u,n
496,letter_reversal/images/w_1525.png,w,m
497,letter_reversal/images/q_1405.png,q,p
498,letter_reversal/images/w_0274.png,w,m
499,letter_reversal/images/b_0716.png,b,d
500,letter_reversal/images/u_1750.png,u,n
501,letter_reversal/images/w_1179.png,w,m
502,letter_reversal/images/d_0293.png,d,b
503,letter_reversal/images/n_1315.png,n,u
504,letter_reversal/images/m_1670.png,m,w
505,letter_reversal/images/m_1439.png,m,w
506,letter_reversal/images/u_1031.png,u,n
507,letter_reversal/images/b_0922.png,b,d
508,letter_reversal/images/u_1725.png,u,n
509,letter_reversal/images/n_1485.png,n,u
510,letter_reversal/images/m_0956.png,m,w
511,letter_reversal/images/p_1005.png,p,q
512,letter_reversal/images/b_0612.png,b,d
513,letter_reversal/images/q_0273.png,q,p
514,letter_reversal/images/w_0633.png,w,m
515,letter_reversal/images/p_0395.png,p,q
516,letter_reversal/images/b_1535.png,b,d
517,letter_reversal/images/n_0763.png,n,u
518,letter_reversal/images/p_0968.png,p,q
519,letter_reversal/images/d_0840.png,d,b
520,letter_reversal/images/n_1098.png,n,u
521,letter_reversal/images/w_0129.png,w,m
522,letter_reversal/images/w_1695.png,w,m
523,letter_reversal/images/u_0169.png,u,n
524,letter_reversal/images/b_0610.png,b,d
525,letter_reversal/images/u_0409.png,u,n
526,letter_reversal/images/n_1140.png,n,u
527,letter_reversal/images/u_0984.png,u,n
528,letter_reversal/images/b_1751.png,b,d
529,letter_reversal/images/m_1991.png,m,w
530,letter_reversal/images/m_0052.png,m,w
531,letter_reversal/images/n_1801.png,n,u
532,letter_reversal/images/m_0906.png,m,w
533,letter_reversal/images/b_1129.png,b,d
534,letter_reversal/images/b_0971.png,b,d
535,letter_reversal/images/q_1641.png,q,p
536,letter_reversal/images/n_0552.png,n,u
537,letter_reversal/images/q_1287.png,q,p
538,letter_reversal/images/d_1394.png,d,b
539,letter_reversal/images/n_0575.png,n,u
540,letter_reversal/images/u_0728.png,u,n
541,letter_reversal/images/m_0143.png,m,w
542,letter_reversal/images/d_1205.png,d,b
543,letter_reversal/images/q_0416.png,q,p
544,letter_reversal/images/q_1995.png,q,p
545,letter_reversal/images/p_1232.png,p,q
546,letter_reversal/images/p_1639.png,p,q
547,letter_reversal/images/d_1584.png,d,b
548,letter_reversal/images/p_0951.png,p,q
549,letter_reversal/images/p_0548.png,p,q
550,letter_reversal/images/m_1063.png,m,w
551,letter_reversal/images/m_1076.png,m,w
552,letter_reversal/images/u_1294.png,u,n
553,letter_reversal/images/w_0004.png,w,m
554,letter_reversal/images/p_0805.png,p,q
555,letter_reversal/images/m_0499.png,m,w
556,letter_reversal/images/d_1271.png,d,b
557,letter_reversal/images/b_0164.png,b,d
558,letter_reversal/images/u_0013.png,u,n
559,letter_reversal/images/q_1335.png,q,p
560,letter_reversal/images/u_1085.png,u,n
561,letter_reversal/images/d_1341.png,d,b
562,letter_reversal/images/q_1542.png,q,p
563,letter_reversal/images/n_1024.png,n,u
564,letter_reversal/images/n_1407.png,n,u
565,letter_reversal/images/q_0325.png,q,p
566,letter_reversal/images/u_0448.png,u,n
567,letter_reversal/images/u_1863.png,u,n
568,letter_reversal/images/u_1858.png,u,n
569,letter_reversal/images/u_1955.png,u,n
570,letter_reversal/images/q_0284.png,q,p
571,letter_reversal/images/n_0477.png,n,u
572,letter_reversal/images/q_1469.png,q,p
573,letter_reversal/images/q_1764.png,q,p
574,letter_reversal/images/u_0876.png,u,n
575,letter_reversal/images/w_0517.png,w,m
576,letter_reversal/images/m_1753.png,m,w
577,letter_reversal/images/q_0667.png,q,p
578,letter_reversal/images/q_0899.png,q,p
579,letter_reversal/images/n_0553.png,n,u
580,letter_reversal/images/q_0279.png,q,p
581,letter_reversal/images/d_0793.png,d,b
582,letter_reversal/images/d_0849.png,d,b
583,letter_reversal/images/q_1588.png,q,p
584,letter_reversal/images/p_1384.png,p,q
585,letter_reversal/images/q_1239.png,q,p
586,letter_reversal/images/m_1346.png,m,w
587,letter_reversal/images/n_1877.png,n,u
588,letter_reversal/images/b_0067.png,b,d
589,letter_reversal/images/d_0198.png,d,b
590,letter_reversal/images/u_0058.png,u,n
591,letter_reversal/images/w_1781.png,w,m
592,letter_reversal/images/q_0418.png,q,p
593,letter_reversal/images/n_0602.png,n,u
594,letter_reversal/images/p_1896.png,p,q
595,letter_reversal/images/d_0233.png,d,b
596,letter_reversal/images/m_1463.png,m,w
597,letter_reversal/images/b_1820.png,b,d
598,letter_reversal/images/n_1499.png,n,u
599,letter_reversal/images/w_0939.png,w,m
600,letter_reversal/images/u_0498.png,u,n
601,letter_reversal/images/d_1902.png,d,b
602,letter_reversal/images/p_0125.png,p,q
603,letter_reversal/images/d_1144.png,d,b
604,letter_reversal/images/q_1952.png,q,p
605,letter_reversal/images/u_1183.png,u,n
606,letter_reversal/images/u_0806.png,u,n
607,letter_reversal/images/d_1558.png,d,b
608,letter_reversal/images/q_1193.png,q,p
609,letter_reversal/images/m_0542.png,m,w
610,letter_reversal/images/q_0935.png,q,p
611,letter_reversal/images/b_0484.png,b,d
612,letter_reversal/images/p_1757.png,p,q
613,letter_reversal/images/p_1345.png,p,q
614,letter_reversal/images/p_0259.png,p,q
615,letter_reversal/images/u_0300.png,u,n
616,letter_reversal/images/m_0462.png,m,w
617,letter_reversal/images/m_0974.png,m,w
618,letter_reversal/images/b_0267.png,b,d
619,letter_reversal/images/n_0589.png,n,u
620,letter_reversal/images/n_0729.png,n,u
621,letter_reversal/images/m_1760.png,m,w
622,letter_reversal/images/p_1314.png,p,q
623,letter_reversal/images/w_0422.png,w,m
624,letter_reversal/images/u_0961.png,u,n
625,letter_reversal/images/n_0011.png,n,u
626,letter_reversal/images/q_1447.png,q,p
627,letter_reversal/images/d_0115.png,d,b
628,letter_reversal/images/b_0177.png,b,d
629,letter_reversal/images/m_0437.png,m,w
630,letter_reversal/images/q_0380.png,q,p
631,letter_reversal/images/d_0587.png,d,b
632,letter_reversal/images/p_0142.png,p,q
633,letter_reversal/images/d_1936.png,d,b
634,letter_reversal/images/w_1596.png,w,m
