id,grapheme,phoneme,example_word
1,bl,/bl/,blue
2,bl,/bl/,blue
3,n,/n/,net
4,ph,/f/,phone
5,x,/ks/,box
6,v,/v/,van
7,ee,/iː/,tree
8,l,/l/,lamp
9,o,/ɒ/,orange
10,b,/b/,ball
11,bl,/bl/,blue
12,ai,/eɪ/,rain
13,u,/ʌ/,umbrella
14,i,/ɪ/,ink
15,t,/t/,top
16,e,/ɛ/,egg
17,r,/r/,rat
18,cr,/kr/,crab
19,oa,/oʊ/,boat
20,c,/k/,cat
21,n,/n/,net
22,oa,/oʊ/,boat
23,o,/ɒ/,orange
24,oo,/uː/,moon
25,k,/k/,kite
26,w,/w/,watch
27,f,/f/,fish
28,s,/s/,sun
29,ai,/eɪ/,rain
30,sh,/ʃ/,ship
31,ph,/f/,phone
32,w,/w/,watch
33,t,/t/,top
34,o,/ɒ/,orange
35,r,/r/,rat
36,w,/w/,watch
37,oa,/oʊ/,boat
38,wh,/w/,what
39,t,/t/,top
40,f,/f/,fish
41,s,/s/,sun
42,s,/s/,sun
43,q,/kw/,queen
44,z,/z/,zebra
45,m,/m/,man
46,oo,/uː/,moon
47,n,/n/,net
48,r,/r/,rat
49,bl,/bl/,blue
50,l,/l/,lamp
51,l,/l/,lamp
52,sh,/ʃ/,ship
53,ch,/ʧ/,chair
54,y,/j/,yak
55,oa,/oʊ/,boat
56,wh,/w/,what
57,ai,/eɪ/,rain
58,q,/kw/,queen
59,o,/ɒ/,orange
60,n,/n/,net
61,d,/d/,dog
62,c,/k/,cat
63,s,/s/,sun
64,z,/z/,zebra
65,oa,/oʊ/,boat
66,l,/l/,lamp
67,e,/ɛ/,egg
68,l,/l/,lamp
69,k,/k/,kite
70,ai,/eɪ/,rain
71,h,/h/,hat
72,oa,/oʊ/,boat
73,g,/g/,goat
74,s,/s/,sun
75,bl,/bl/,blue
76,ee,/iː/,tree
77,m,/m/,man
78,m,/m/,man
79,t,/t/,top
80,ph,/f/,phone
81,x,/ks/,box
82,r,/r/,rat
83,bl,/bl/,blue
84,m,/m/,man
85,s,/s/,sun
86,h,/h/,hat
87,ch,/ʧ/,chair
88,v,/v/,van
89,a,/æ/,apple
90,e,/ɛ/,egg
91,ee,/iː/,tree
92,th,/θ/,think
93,o,/ɒ/,orange
94,i,/ɪ/,ink
95,f,/f/,fish
96,wh,/w/,what
97,t,/t/,top
98,o,/ɒ/,orange
99,n,/n/,net
100,z,/z/,zebra
101,x,/ks/,box
102,str,/str/,street
103,f,/f/,fish
104,ai,/eɪ/,rain
105,y,/j/,yak
106,n,/n/,net
107,b,/b/,ball
108,oa,/oʊ/,boat
109,ph,/f/,phone
110,z,/z/,zebra
111,i,/ɪ/,ink
112,bl,/bl/,blue
113,wh,/w/,what
114,e,/ɛ/,egg
115,t,/t/,top
116,x,/ks/,box
117,ch,/ʧ/,chair
118,c,/k/,cat
119,g,/g/,goat
120,bl,/bl/,blue
121,i,/ɪ/,ink
122,oa,/oʊ/,boat
123,ph,/f/,phone
124,bl,/bl/,blue
125,u,/ʌ/,umbrella
126,p,/p/,pen
127,t,/t/,top
128,p,/p/,pen
129,w,/w/,watch
130,oa,/oʊ/,boat
131,cr,/kr/,crab
132,f,/f/,fish
133,w,/w/,watch
134,j,/ʤ/,jam
135,q,/kw/,queen
136,wh,/w/,what
137,ch,/ʧ/,chair
138,g,/g/,goat
139,u,/ʌ/,umbrella
140,l,/l/,lamp
141,ai,/eɪ/,rain
142,ee,/iː/,tree
143,oa,/oʊ/,boat
144,cr,/kr/,crab
145,wh,/w/,what
146,l,/l/,lamp
147,n,/n/,net
148,c,/k/,cat
149,q,/kw/,queen
150,str,/str/,street
151,u,/ʌ/,umbrella
152,oa,/oʊ/,boat
153,sh,/ʃ/,ship
154,oa,/oʊ/,boat
155,a,/æ/,apple
156,g,/g/,goat
157,oa,/oʊ/,boat
158,ee,/iː/,tree
159,x,/ks/,box
160,s,/s/,sun
161,g,/g/,goat
162,v,/v/,van
163,z,/z/,zebra
164,y,/j/,yak
165,n,/n/,net
166,h,/h/,hat
167,w,/w/,watch
168,ch,/ʧ/,chair
169,q,/kw/,queen
170,w,/w/,watch
171,l,/l/,lamp
172,oo,/uː/,moon
173,v,/v/,van
174,y,/j/,yak
175,ai,/eɪ/,rain
176,ph,/f/,phone
177,str,/str/,street
178,oa,/oʊ/,boat
179,ph,/f/,phone
180,h,/h/,hat
181,t,/t/,top
182,cr,/kr/,crab
183,oa,/oʊ/,boat
184,th,/θ/,think
185,y,/j/,yak
186,ph,/f/,phone
187,bl,/bl/,blue
188,s,/s/,sun
189,v,/v/,van
190,r,/r/,rat
191,o,/ɒ/,orange
192,sh,/ʃ/,ship
193,u,/ʌ/,umbrella
194,i,/ɪ/,ink
195,v,/v/,van
196,c,/k/,cat
197,t,/t/,top
198,d,/d/,dog
199,m,/m/,man
200,t,/t/,top
201,o,/ɒ/,orange
202,o,/ɒ/,orange
203,th,/θ/,think
204,l,/l/,lamp
205,oa,/oʊ/,boat
206,d,/d/,dog
207,ai,/eɪ/,rain
208,ee,/iː/,tree
209,m,/m/,man
210,wh,/w/,what
211,ch,/ʧ/,chair
212,e,/ɛ/,egg
213,str,/str/,street
214,s,/s/,sun
215,m,/m/,man
216,s,/s/,sun
217,j,/ʤ/,jam
218,z,/z/,zebra
219,x,/ks/,box
220,e,/ɛ/,egg
221,i,/ɪ/,ink
222,p,/p/,pen
223,e,/ɛ/,egg
224,y,/j/,yak
225,f,/f/,fish
226,w,/w/,watch
227,th,/θ/,think
228,e,/ɛ/,egg
229,oo,/uː/,moon
230,cr,/kr/,crab
231,h,/h/,hat
232,g,/g/,goat
233,l,/l/,lamp
234,d,/d/,dog
235,f,/f/,fish
236,f,/f/,fish
237,y,/j/,yak
238,t,/t/,top
239,str,/str/,street
240,f,/f/,fish
241,n,/n/,net
242,sh,/ʃ/,ship
243,q,/kw/,queen
244,j,/ʤ/,jam
245,ch,/ʧ/,chair
246,g,/g/,goat
247,oo,/uː/,moon
248,bl,/bl/,blue
249,y,/j/,yak
250,j,/ʤ/,jam
251,v,/v/,van
252,a,/æ/,apple
253,oo,/uː/,moon
254,d,/d/,dog
255,o,/ɒ/,orange
256,bl,/bl/,blue
257,c,/k/,cat
258,x,/ks/,box
259,n,/n/,net
260,th,/θ/,think
261,q,/kw/,queen
262,str,/str/,street
263,a,/æ/,apple
264,f,/f/,fish
265,ai,/eɪ/,rain
266,r,/r/,rat
267,t,/t/,top
268,t,/t/,top
269,str,/str/,street
270,f,/f/,fish
271,s,/s/,sun
272,l,/l/,lamp
273,oo,/uː/,moon
274,b,/b/,ball
275,ee,/iː/,tree
276,i,/ɪ/,ink
277,k,/k/,kite
278,ai,/eɪ/,rain
279,h,/h/,hat
280,str,/str/,street
281,ch,/ʧ/,chair
282,l,/l/,lamp
283,ch,/ʧ/,chair
284,th,/θ/,think
285,oo,/uː/,moon
286,oo,/uː/,moon
287,bl,/bl/,blue
288,b,/b/,ball
289,z,/z/,zebra
290,ee,/iː/,tree
291,i,/ɪ/,ink
292,ph,/f/,phone
293,q,/kw/,queen
294,p,/p/,pen
295,u,/ʌ/,umbrella
296,h,/h/,hat
297,cr,/kr/,crab
298,b,/b/,ball
299,ee,/iː/,tree
300,w,/w/,watch
301,str,/str/,street
302,wh,/w/,what
303,ph,/f/,phone
304,str,/str/,street
305,m,/m/,man
306,ch,/ʧ/,chair
307,i,/ɪ/,ink
308,th,/θ/,think
309,l,/l/,lamp
310,r,/r/,rat
311,s,/s/,sun
312,f,/f/,fish
313,ph,/f/,phone
314,r,/r/,rat
315,oa,/oʊ/,boat
316,t,/t/,top
317,f,/f/,fish
318,ai,/eɪ/,rain
319,sh,/ʃ/,ship
320,str,/str/,street
321,r,/r/,rat
322,l,/l/,lamp
323,ee,/iː/,tree
324,j,/ʤ/,jam
325,h,/h/,hat
326,o,/ɒ/,orange
327,k,/k/,kite
328,o,/ɒ/,orange
329,h,/h/,hat
330,d,/d/,dog
331,d,/d/,dog
332,ph,/f/,phone
333,t,/t/,top
334,g,/g/,goat
335,g,/g/,goat
336,th,/θ/,think
337,i,/ɪ/,ink
338,ph,/f/,phone
339,e,/ɛ/,egg
340,v,/v/,van
341,r,/r/,rat
342,i,/ɪ/,ink
343,cr,/kr/,crab
344,cr,/kr/,crab
345,ch,/ʧ/,chair
346,s,/s/,sun
347,th,/θ/,think
348,wh,/w/,what
349,q,/kw/,queen
350,c,/k/,cat
351,i,/ɪ/,ink
352,d,/d/,dog
353,oa,/oʊ/,boat
354,cr,/kr/,crab
355,bl,/bl/,blue
356,v,/v/,van
357,e,/ɛ/,egg
358,b,/b/,ball
359,u,/ʌ/,umbrella
360,q,/kw/,queen
361,v,/v/,van
362,a,/æ/,apple
363,x,/ks/,box
364,p,/p/,pen
365,oo,/uː/,moon
366,d,/d/,dog
367,a,/æ/,apple
368,th,/θ/,think
369,th,/θ/,think
370,f,/f/,fish
371,cr,/kr/,crab
372,c,/k/,cat
373,d,/d/,dog
374,y,/j/,yak
375,x,/ks/,box
376,h,/h/,hat
377,ch,/ʧ/,chair
378,r,/r/,rat
379,r,/r/,rat
380,str,/str/,street
381,f,/f/,fish
382,cr,/kr/,crab
383,k,/k/,kite
384,k,/k/,kite
385,j,/ʤ/,jam
386,q,/kw/,queen
387,oa,/oʊ/,boat
388,a,/æ/,apple
389,n,/n/,net
390,e,/ɛ/,egg
391,r,/r/,rat
392,ch,/ʧ/,chair
393,f,/f/,fish
394,n,/n/,net
395,z,/z/,zebra
396,k,/k/,kite
397,ai,/eɪ/,rain
398,wh,/w/,what
399,i,/ɪ/,ink
400,v,/v/,van
401,t,/t/,top
402,f,/f/,fish
403,e,/ɛ/,egg
404,k,/k/,kite
405,x,/ks/,box
406,ai,/eɪ/,rain
407,d,/d/,dog
408,bl,/bl/,blue
409,ee,/iː/,tree
410,q,/kw/,queen
411,i,/ɪ/,ink
412,i,/ɪ/,ink
413,ee,/iː/,tree
414,k,/k/,kite
415,w,/w/,watch
416,bl,/bl/,blue
417,t,/t/,top
418,j,/ʤ/,jam
419,g,/g/,goat
420,r,/r/,rat
421,f,/f/,fish
422,x,/ks/,box
423,t,/t/,top
424,d,/d/,dog
425,f,/f/,fish
426,i,/ɪ/,ink
427,n,/n/,net
428,wh,/w/,what
429,u,/ʌ/,umbrella
430,m,/m/,man
431,v,/v/,van
432,wh,/w/,what
433,y,/j/,yak
434,str,/str/,street
435,c,/k/,cat
436,y,/j/,yak
437,q,/kw/,queen
438,k,/k/,kite
439,h,/h/,hat
440,s,/s/,sun
441,bl,/bl/,blue
442,r,/r/,rat
443,n,/n/,net
444,c,/k/,cat
445,h,/h/,hat
446,b,/b/,ball
447,v,/v/,van
448,ai,/eɪ/,rain
449,cr,/kr/,crab
450,str,/str/,street
451,str,/str/,street
452,ee,/iː/,tree
453,o,/ɒ/,orange
454,m,/m/,man
455,x,/ks/,box
456,x,/ks/,box
457,q,/kw/,queen
458,wh,/w/,what
459,z,/z/,zebra
460,cr,/kr/,crab
461,e,/ɛ/,egg
462,r,/r/,rat
463,sh,/ʃ/,ship
464,b,/b/,ball
465,d,/d/,dog
466,s,/s/,sun
467,cr,/kr/,crab
468,s,/s/,sun
469,s,/s/,sun
470,c,/k/,cat
471,h,/h/,hat
472,b,/b/,ball
473,ee,/iː/,tree
474,ch,/ʧ/,chair
475,l,/l/,lamp
476,r,/r/,rat
477,s,/s/,sun
478,c,/k/,cat
479,p,/p/,pen
480,h,/h/,hat
481,ch,/ʧ/,chair
482,a,/æ/,apple
483,m,/m/,man
484,a,/æ/,apple
485,u,/ʌ/,umbrella
486,th,/θ/,think
487,b,/b/,ball
488,d,/d/,dog
489,z,/z/,zebra
490,z,/z/,zebra
491,m,/m/,man
492,p,/p/,pen
493,n,/n/,net
494,p,/p/,pen
495,a,/æ/,apple
496,n,/n/,net
497,x,/ks/,box
498,i,/ɪ/,ink
499,str,/str/,street
500,ai,/eɪ/,rain
501,w,/w/,watch
502,k,/k/,kite
503,sh,/ʃ/,ship
504,oo,/uː/,moon
505,n,/n/,net
506,str,/str/,street
507,g,/g/,goat
508,th,/θ/,think
509,m,/m/,man
510,y,/j/,yak
511,str,/str/,street
512,j,/ʤ/,jam
513,w,/w/,watch
514,k,/k/,kite
515,r,/r/,rat
516,p,/p/,pen
517,ai,/eɪ/,rain
518,a,/æ/,apple
519,m,/m/,man
520,s,/s/,sun
521,d,/d/,dog
522,g,/g/,goat
523,d,/d/,dog
524,s,/s/,sun
525,str,/str/,street
526,c,/k/,cat
527,n,/n/,net
528,x,/ks/,box
529,oo,/uː/,moon
530,u,/ʌ/,umbrella
531,x,/ks/,box
532,o,/ɒ/,orange
533,ph,/f/,phone
534,y,/j/,yak
535,str,/str/,street
536,t,/t/,top
537,ai,/eɪ/,rain
538,n,/n/,net
539,ph,/f/,phone
540,y,/j/,yak
541,t,/t/,top
542,b,/b/,ball
543,ch,/ʧ/,chair
544,a,/æ/,apple
545,o,/ɒ/,orange
546,l,/l/,lamp
547,v,/v/,van
548,ch,/ʧ/,chair
549,l,/l/,lamp
550,b,/b/,ball
551,a,/æ/,apple
552,l,/l/,lamp
553,c,/k/,cat
554,m,/m/,man
555,c,/k/,cat
556,oa,/oʊ/,boat
557,ph,/f/,phone
558,ch,/ʧ/,chair
559,h,/h/,hat
560,g,/g/,goat
561,r,/r/,rat
562,b,/b/,ball
563,str,/str/,street
564,g,/g/,goat
565,x,/ks/,box
566,th,/θ/,think
567,h,/h/,hat
568,h,/h/,hat
569,m,/m/,man
570,s,/s/,sun
571,t,/t/,top
572,i,/ɪ/,ink
573,i,/ɪ/,ink
574,u,/ʌ/,umbrella
575,o,/ɒ/,orange
576,k,/k/,kite
577,str,/str/,street
578,z,/z/,zebra
579,k,/k/,kite
580,sh,/ʃ/,ship
581,i,/ɪ/,ink
582,wh,/w/,what
583,r,/r/,rat
584,j,/ʤ/,jam
585,c,/k/,cat
586,p,/p/,pen
587,t,/t/,top
588,l,/l/,lamp
589,f,/f/,fish
590,l,/l/,lamp
591,l,/l/,lamp
592,r,/r/,rat
593,oo,/uː/,moon
594,h,/h/,hat
595,ee,/iː/,tree
596,o,/ɒ/,orange
597,o,/ɒ/,orange
598,s,/s/,sun
599,cr,/kr/,crab
600,v,/v/,van
601,l,/l/,lamp
602,j,/ʤ/,jam
603,th,/θ/,think
604,b,/b/,ball
605,s,/s/,sun
606,i,/ɪ/,ink
607,m,/m/,man
608,p,/p/,pen
609,v,/v/,van
610,r,/r/,rat
611,t,/t/,top
612,j,/ʤ/,jam
613,p,/p/,pen
614,g,/g/,goat
615,f,/f/,fish
616,t,/t/,top
617,u,/ʌ/,umbrella
618,ai,/eɪ/,rain
619,n,/n/,net
620,c,/k/,cat
621,r,/r/,rat
622,g,/g/,goat
623,g,/g/,goat
624,cr,/kr/,crab
625,q,/kw/,queen
626,l,/l/,lamp
627,n,/n/,net
628,n,/n/,net
629,oa,/oʊ/,boat
630,z,/z/,zebra
631,ph,/f/,phone
632,z,/z/,zebra
633,n,/n/,net
634,s,/s/,sun
635,bl,/bl/,blue
636,q,/kw/,queen
637,h,/h/,hat
638,wh,/w/,what
639,s,/s/,sun
640,w,/w/,watch
641,x,/ks/,box
642,h,/h/,hat
643,z,/z/,zebra
644,f,/f/,fish
645,sh,/ʃ/,ship
646,ph,/f/,phone
647,ai,/eɪ/,rain
648,z,/z/,zebra
649,i,/ɪ/,ink
650,i,/ɪ/,ink
651,th,/θ/,think
652,q,/kw/,queen
653,x,/ks/,box
654,p,/p/,pen
655,sh,/ʃ/,ship
656,u,/ʌ/,umbrella
657,s,/s/,sun
658,ph,/f/,phone
659,i,/ɪ/,ink
660,ph,/f/,phone
661,g,/g/,goat
662,th,/θ/,think
663,x,/ks/,box
664,x,/ks/,box
665,bl,/bl/,blue
666,n,/n/,net
667,h,/h/,hat
668,k,/k/,kite
669,r,/r/,rat
670,oo,/uː/,moon
671,str,/str/,street
672,ch,/ʧ/,chair
673,b,/b/,ball
674,e,/ɛ/,egg
675,t,/t/,top
676,oa,/oʊ/,boat
677,s,/s/,sun
678,p,/p/,pen
679,e,/ɛ/,egg
680,a,/æ/,apple
681,th,/θ/,think
682,th,/θ/,think
683,oo,/uː/,moon
684,n,/n/,net
685,g,/g/,goat
686,str,/str/,street
687,d,/d/,dog
688,y,/j/,yak
689,y,/j/,yak
690,a,/æ/,apple
691,n,/n/,net
692,wh,/w/,what
693,sh,/ʃ/,ship
694,ee,/iː/,tree
695,g,/g/,goat
696,ph,/f/,phone
697,o,/ɒ/,orange
698,b,/b/,ball
699,a,/æ/,apple
700,q,/kw/,queen
701,q,/kw/,queen
702,f,/f/,fish
703,ph,/f/,phone
704,ee,/iː/,tree
705,h,/h/,hat
706,ch,/ʧ/,chair
707,m,/m/,man
708,e,/ɛ/,egg
709,m,/m/,man
710,ee,/iː/,tree
711,s,/s/,sun
712,q,/kw/,queen
713,y,/j/,yak
714,i,/ɪ/,ink
715,j,/ʤ/,jam
716,i,/ɪ/,ink
717,d,/d/,dog
718,sh,/ʃ/,ship
719,y,/j/,yak
720,q,/kw/,queen
721,i,/ɪ/,ink
722,s,/s/,sun
723,j,/ʤ/,jam
724,bl,/bl/,blue
725,h,/h/,hat
726,n,/n/,net
727,h,/h/,hat
728,bl,/bl/,blue
729,p,/p/,pen
730,z,/z/,zebra
731,x,/ks/,box
732,q,/kw/,queen
733,x,/ks/,box
734,e,/ɛ/,egg
735,j,/ʤ/,jam
736,sh,/ʃ/,ship
737,w,/w/,watch
738,n,/n/,net
739,oo,/uː/,moon
740,oo,/uː/,moon
741,f,/f/,fish
742,ch,/ʧ/,chair
743,q,/kw/,queen
744,sh,/ʃ/,ship
745,e,/ɛ/,egg
746,x,/ks/,box
747,t,/t/,top
748,y,/j/,yak
749,r,/r/,rat
750,y,/j/,yak
751,t,/t/,top
752,w,/w/,watch
753,t,/t/,top
754,wh,/w/,what
755,l,/l/,lamp
756,x,/ks/,box
757,ph,/f/,phone
758,h,/h/,hat
759,t,/t/,top
760,cr,/kr/,crab
761,q,/kw/,queen
762,cr,/kr/,crab
763,u,/ʌ/,umbrella
764,s,/s/,sun
765,g,/g/,goat
766,e,/ɛ/,egg
767,y,/j/,yak
768,o,/ɒ/,orange
769,b,/b/,ball
770,z,/z/,zebra
771,th,/θ/,think
772,str,/str/,street
773,g,/g/,goat
774,t,/t/,top
775,ai,/eɪ/,rain
776,d,/d/,dog
777,cr,/kr/,crab
778,t,/t/,top
779,l,/l/,lamp
780,f,/f/,fish
781,b,/b/,ball
782,ph,/f/,phone
783,n,/n/,net
784,ph,/f/,phone
785,y,/j/,yak
786,c,/k/,cat
787,i,/ɪ/,ink
788,m,/m/,man
789,sh,/ʃ/,ship
790,ai,/eɪ/,rain
791,r,/r/,rat
792,w,/w/,watch
793,str,/str/,street
794,cr,/kr/,crab
795,sh,/ʃ/,ship
796,wh,/w/,what
797,c,/k/,cat
798,m,/m/,man
799,n,/n/,net
800,w,/w/,watch
801,wh,/w/,what
802,a,/æ/,apple
803,j,/ʤ/,jam
804,th,/θ/,think
805,r,/r/,rat
806,m,/m/,man
807,x,/ks/,box
808,o,/ɒ/,orange
809,p,/p/,pen
810,sh,/ʃ/,ship
811,bl,/bl/,blue
812,k,/k/,kite
813,u,/ʌ/,umbrella
814,r,/r/,rat
815,i,/ɪ/,ink
816,oo,/uː/,moon
817,t,/t/,top
818,b,/b/,ball
819,th,/θ/,think
820,y,/j/,yak
821,p,/p/,pen
822,o,/ɒ/,orange
823,s,/s/,sun
824,ai,/eɪ/,rain
825,w,/w/,watch
826,wh,/w/,what
827,s,/s/,sun
828,f,/f/,fish
829,bl,/bl/,blue
830,k,/k/,kite
831,d,/d/,dog
832,a,/æ/,apple
833,j,/ʤ/,jam
834,z,/z/,zebra
835,e,/ɛ/,egg
836,bl,/bl/,blue
837,d,/d/,dog
838,t,/t/,top
839,d,/d/,dog
840,x,/ks/,box
841,z,/z/,zebra
842,u,/ʌ/,umbrella
843,k,/k/,kite
844,ch,/ʧ/,chair
845,wh,/w/,what
846,ee,/iː/,tree
847,b,/b/,ball
848,w,/w/,watch
849,u,/ʌ/,umbrella
850,r,/r/,rat
851,oa,/oʊ/,boat
852,f,/f/,fish
853,m,/m/,man
854,t,/t/,top
855,k,/k/,kite
856,f,/f/,fish
857,f,/f/,fish
858,j,/ʤ/,jam
859,x,/ks/,box
860,str,/str/,street
861,str,/str/,street
862,g,/g/,goat
863,ch,/ʧ/,chair
864,b,/b/,ball
865,l,/l/,lamp
866,th,/θ/,think
867,v,/v/,van
868,r,/r/,rat
869,y,/j/,yak
870,wh,/w/,what
871,b,/b/,ball
872,m,/m/,man
873,u,/ʌ/,umbrella
874,ch,/ʧ/,chair
875,wh,/w/,what
876,wh,/w/,what
877,p,/p/,pen
878,x,/ks/,box
879,str,/str/,street
880,j,/ʤ/,jam
881,x,/ks/,box
882,u,/ʌ/,umbrella
883,o,/ɒ/,orange
884,ai,/eɪ/,rain
885,h,/h/,hat
886,i,/ɪ/,ink
887,wh,/w/,what
888,z,/z/,zebra
889,a,/æ/,apple
890,k,/k/,kite
891,n,/n/,net
892,x,/ks/,box
893,b,/b/,ball
894,cr,/kr/,crab
895,g,/g/,goat
896,a,/æ/,apple
897,t,/t/,top
898,l,/l/,lamp
899,cr,/kr/,crab
900,a,/æ/,apple
901,v,/v/,van
902,th,/θ/,think
903,ch,/ʧ/,chair
904,ai,/eɪ/,rain
905,c,/k/,cat
906,b,/b/,ball
907,x,/ks/,box
908,ee,/iː/,tree
909,p,/p/,pen
910,h,/h/,hat
911,m,/m/,man
912,oo,/uː/,moon
913,k,/k/,kite
914,h,/h/,hat
915,ee,/iː/,tree
916,str,/str/,street
917,c,/k/,cat
918,r,/r/,rat
919,bl,/bl/,blue
920,c,/k/,cat
921,d,/d/,dog
922,cr,/kr/,crab
923,i,/ɪ/,ink
924,h,/h/,hat
925,cr,/kr/,crab
926,f,/f/,fish
927,cr,/kr/,crab
928,ch,/ʧ/,chair
929,y,/j/,yak
930,s,/s/,sun
931,n,/n/,net
932,t,/t/,top
933,t,/t/,top
934,th,/θ/,think
935,ph,/f/,phone
936,z,/z/,zebra
937,l,/l/,lamp
938,x,/ks/,box
939,a,/æ/,apple
940,e,/ɛ/,egg
941,sh,/ʃ/,ship
942,y,/j/,yak
943,u,/ʌ/,umbrella
944,l,/l/,lamp
945,h,/h/,hat
946,str,/str/,street
947,sh,/ʃ/,ship
948,ai,/eɪ/,rain
949,str,/str/,street
950,p,/p/,pen
951,sh,/ʃ/,ship
952,oo,/uː/,moon
953,j,/ʤ/,jam
954,e,/ɛ/,egg
955,l,/l/,lamp
956,h,/h/,hat
957,h,/h/,hat
958,m,/m/,man
959,m,/m/,man
960,v,/v/,van
961,u,/ʌ/,umbrella
962,g,/g/,goat
963,str,/str/,street
964,o,/ɒ/,orange
965,wh,/w/,what
966,w,/w/,watch
967,k,/k/,kite
968,h,/h/,hat
969,d,/d/,dog
970,j,/ʤ/,jam
971,o,/ɒ/,orange
972,i,/ɪ/,ink
973,q,/kw/,queen
974,bl,/bl/,blue
975,sh,/ʃ/,ship
976,str,/str/,street
977,s,/s/,sun
978,ch,/ʧ/,chair
979,m,/m/,man
980,sh,/ʃ/,ship
981,h,/h/,hat
982,sh,/ʃ/,ship
983,p,/p/,pen
984,d,/d/,dog
985,b,/b/,ball
986,o,/ɒ/,orange
987,i,/ɪ/,ink
988,bl,/bl/,blue
989,p,/p/,pen
990,y,/j/,yak
991,d,/d/,dog
992,ch,/ʧ/,chair
993,v,/v/,van
994,ee,/iː/,tree
995,w,/w/,watch
996,ai,/eɪ/,rain
997,u,/ʌ/,umbrella
998,oa,/oʊ/,boat
999,k,/k/,kite
1000,ch,/ʧ/,chair
1001,d,/d/,dog
1002,b,/b/,ball
1003,p,/p/,pen
1004,p,/p/,pen
1005,d,/d/,dog
1006,y,/j/,yak
1007,ch,/ʧ/,chair
1008,x,/ks/,box
1009,r,/r/,rat
1010,b,/b/,ball
1011,cr,/kr/,crab
1012,y,/j/,yak
1013,str,/str/,street
1014,e,/ɛ/,egg
1015,y,/j/,yak
1016,l,/l/,lamp
1017,r,/r/,rat
1018,g,/g/,goat
1019,t,/t/,top
1020,b,/b/,ball
1021,d,/d/,dog
1022,x,/ks/,box
1023,wh,/w/,what
1024,f,/f/,fish
1025,th,/θ/,think
1026,s,/s/,sun
1027,oa,/oʊ/,boat
1028,j,/ʤ/,jam
1029,q,/kw/,queen
1030,s,/s/,sun
1031,o,/ɒ/,orange
1032,t,/t/,top
1033,p,/p/,pen
1034,l,/l/,lamp
1035,c,/k/,cat
1036,u,/ʌ/,umbrella
1037,t,/t/,top
1038,s,/s/,sun
1039,oo,/uː/,moon
1040,g,/g/,goat
1041,m,/m/,man
1042,cr,/kr/,crab
1043,a,/æ/,apple
1044,oo,/uː/,moon
1045,bl,/bl/,blue
1046,e,/ɛ/,egg
1047,x,/ks/,box
1048,i,/ɪ/,ink
1049,str,/str/,street
1050,sh,/ʃ/,ship
1051,j,/ʤ/,jam
1052,c,/k/,cat
1053,oo,/uː/,moon
1054,oo,/uː/,moon
1055,x,/ks/,box
1056,b,/b/,ball
1057,u,/ʌ/,umbrella
1058,cr,/kr/,crab
1059,e,/ɛ/,egg
1060,j,/ʤ/,jam
1061,b,/b/,ball
1062,p,/p/,pen
1063,h,/h/,hat
1064,oa,/oʊ/,boat
1065,f,/f/,fish
1066,oo,/uː/,moon
1067,k,/k/,kite
1068,v,/v/,van
1069,m,/m/,man
1070,j,/ʤ/,jam
1071,l,/l/,lamp
1072,oo,/uː/,moon
1073,i,/ɪ/,ink
1074,cr,/kr/,crab
1075,z,/z/,zebra
1076,m,/m/,man
1077,n,/n/,net
1078,f,/f/,fish
1079,o,/ɒ/,orange
1080,y,/j/,yak
1081,e,/ɛ/,egg
1082,e,/ɛ/,egg
1083,w,/w/,watch
1084,g,/g/,goat
1085,str,/str/,street
1086,x,/ks/,box
1087,oa,/oʊ/,boat
1088,l,/l/,lamp
1089,i,/ɪ/,ink
1090,y,/j/,yak
1091,ch,/ʧ/,chair
1092,y,/j/,yak
1093,g,/g/,goat
1094,i,/ɪ/,ink
1095,x,/ks/,box
1096,cr,/kr/,crab
1097,r,/r/,rat
1098,t,/t/,top
1099,x,/ks/,box
1100,oo,/uː/,moon
1101,p,/p/,pen
1102,r,/r/,rat
1103,o,/ɒ/,orange
1104,y,/j/,yak
1105,z,/z/,zebra
1106,i,/ɪ/,ink
1107,l,/l/,lamp
1108,x,/ks/,box
1109,j,/ʤ/,jam
1110,r,/r/,rat
1111,oo,/uː/,moon
1112,n,/n/,net
1113,ph,/f/,phone
1114,m,/m/,man
1115,r,/r/,rat
1116,wh,/w/,what
1117,ch,/ʧ/,chair
1118,bl,/bl/,blue
1119,b,/b/,ball
1120,s,/s/,sun
1121,f,/f/,fish
1122,v,/v/,van
1123,ai,/eɪ/,rain
1124,b,/b/,ball
1125,p,/p/,pen
1126,str,/str/,street
1127,wh,/w/,what
1128,d,/d/,dog
1129,f,/f/,fish
1130,sh,/ʃ/,ship
1131,r,/r/,rat
1132,ee,/iː/,tree
1133,y,/j/,yak
1134,x,/ks/,box
1135,ph,/f/,phone
1136,ai,/eɪ/,rain
1137,u,/ʌ/,umbrella
1138,sh,/ʃ/,ship
1139,e,/ɛ/,egg
1140,f,/f/,fish
1141,j,/ʤ/,jam
1142,c,/k/,cat
1143,c,/k/,cat
1144,oo,/uː/,moon
1145,th,/θ/,think
1146,ai,/eɪ/,rain
1147,ai,/eɪ/,rain
1148,a,/æ/,apple
1149,i,/ɪ/,ink
1150,oa,/oʊ/,boat
1151,x,/ks/,box
1152,p,/p/,pen
1153,w,/w/,watch
1154,l,/l/,lamp
1155,w,/w/,watch
1156,z,/z/,zebra
1157,ee,/iː/,tree
1158,x,/ks/,box
1159,m,/m/,man
1160,ph,/f/,phone
1161,ch,/ʧ/,chair
1162,y,/j/,yak
1163,j,/ʤ/,jam
1164,ee,/iː/,tree
1165,u,/ʌ/,umbrella
1166,str,/str/,street
1167,cr,/kr/,crab
1168,ph,/f/,phone
1169,x,/ks/,box
1170,t,/t/,top
1171,wh,/w/,what
1172,str,/str/,street
1173,j,/ʤ/,jam
1174,th,/θ/,think
1175,h,/h/,hat
1176,ch,/ʧ/,chair
1177,oo,/uː/,moon
1178,m,/m/,man
1179,q,/kw/,queen
1180,b,/b/,ball
1181,d,/d/,dog
1182,g,/g/,goat
1183,ph,/f/,phone
1184,ph,/f/,phone
1185,h,/h/,hat
1186,m,/m/,man
1187,sh,/ʃ/,ship
1188,ph,/f/,phone
1189,ai,/eɪ/,rain
1190,d,/d/,dog
1191,w,/w/,watch
1192,n,/n/,net
1193,oa,/oʊ/,boat
1194,oa,/oʊ/,boat
1195,l,/l/,lamp
1196,b,/b/,ball
1197,b,/b/,ball
1198,y,/j/,yak
1199,r,/r/,rat
1200,z,/z/,zebra
1201,j,/ʤ/,jam
1202,th,/θ/,think
1203,ee,/iː/,tree
1204,l,/l/,lamp
1205,d,/d/,dog
1206,bl,/bl/,blue
1207,ee,/iː/,tree
1208,k,/k/,kite
1209,t,/t/,top
1210,x,/ks/,box
1211,a,/æ/,apple
1212,c,/k/,cat
1213,z,/z/,zebra
1214,ai,/eɪ/,rain
1215,c,/k/,cat
1216,g,/g/,goat
1217,a,/æ/,apple
1218,bl,/bl/,blue
1219,k,/k/,kite
1220,y,/j/,yak
1221,x,/ks/,box
1222,ch,/ʧ/,chair
1223,t,/t/,top
1224,str,/str/,street
1225,bl,/bl/,blue
1226,t,/t/,top
1227,wh,/w/,what
1228,v,/v/,van
1229,l,/l/,lamp
1230,ch,/ʧ/,chair
1231,q,/kw/,queen
1232,z,/z/,zebra
1233,wh,/w/,what
1234,u,/ʌ/,umbrella
1235,d,/d/,dog
1236,u,/ʌ/,umbrella
1237,e,/ɛ/,egg
1238,bl,/bl/,blue
1239,o,/ɒ/,orange
1240,ch,/ʧ/,chair
1241,ai,/eɪ/,rain
1242,j,/ʤ/,jam
1243,oa,/oʊ/,boat
1244,x,/ks/,box
1245,k,/k/,kite
1246,sh,/ʃ/,ship
1247,u,/ʌ/,umbrella
1248,ai,/eɪ/,rain
1249,y,/j/,yak
1250,u,/ʌ/,umbrella
1251,s,/s/,sun
1252,wh,/w/,what
1253,c,/k/,cat
1254,bl,/bl/,blue
1255,k,/k/,kite
1256,ee,/iː/,tree
1257,ee,/iː/,tree
1258,ch,/ʧ/,chair
1259,g,/g/,goat
1260,k,/k/,kite
1261,v,/v/,van
1262,y,/j/,yak
1263,n,/n/,net
1264,p,/p/,pen
1265,y,/j/,yak
1266,a,/æ/,apple
1267,oa,/oʊ/,boat
1268,ee,/iː/,tree
1269,u,/ʌ/,umbrella
1270,v,/v/,van
1271,e,/ɛ/,egg
1272,g,/g/,goat
1273,bl,/bl/,blue
1274,i,/ɪ/,ink
1275,x,/ks/,box
1276,l,/l/,lamp
1277,ch,/ʧ/,chair
1278,v,/v/,van
1279,r,/r/,rat
1280,u,/ʌ/,umbrella
1281,k,/k/,kite
1282,y,/j/,yak
1283,oa,/oʊ/,boat
1284,sh,/ʃ/,ship
1285,w,/w/,watch
1286,a,/æ/,apple
1287,y,/j/,yak
1288,h,/h/,hat
1289,d,/d/,dog
1290,o,/ɒ/,orange
1291,n,/n/,net
1292,oa,/oʊ/,boat
1293,e,/ɛ/,egg
1294,h,/h/,hat
1295,m,/m/,man
1296,h,/h/,hat
1297,l,/l/,lamp
1298,e,/ɛ/,egg
1299,r,/r/,rat
1300,ph,/f/,phone
1301,sh,/ʃ/,ship
1302,w,/w/,watch
1303,wh,/w/,what
1304,k,/k/,kite
1305,str,/str/,street
1306,f,/f/,fish
1307,t,/t/,top
1308,s,/s/,sun
1309,k,/k/,kite
1310,u,/ʌ/,umbrella
1311,f,/f/,fish
1312,n,/n/,net
1313,bl,/bl/,blue
1314,ch,/ʧ/,chair
1315,v,/v/,van
1316,bl,/bl/,blue
1317,oa,/oʊ/,boat
1318,ph,/f/,phone
1319,k,/k/,kite
1320,wh,/w/,what
1321,n,/n/,net
1322,g,/g/,goat
1323,d,/d/,dog
1324,w,/w/,watch
1325,w,/w/,watch
1326,b,/b/,ball
1327,y,/j/,yak
1328,h,/h/,hat
1329,v,/v/,van
1330,i,/ɪ/,ink
1331,o,/ɒ/,orange
1332,oo,/uː/,moon
1333,ch,/ʧ/,chair
1334,q,/kw/,queen
1335,sh,/ʃ/,ship
1336,r,/r/,rat
1337,ch,/ʧ/,chair
1338,z,/z/,zebra
1339,r,/r/,rat
1340,b,/b/,ball
1341,p,/p/,pen
1342,k,/k/,kite
1343,ph,/f/,phone
1344,b,/b/,ball
1345,p,/p/,pen
1346,p,/p/,pen
1347,bl,/bl/,blue
1348,z,/z/,zebra
1349,k,/k/,kite
1350,b,/b/,ball
1351,h,/h/,hat
1352,p,/p/,pen
1353,ai,/eɪ/,rain
1354,sh,/ʃ/,ship
1355,x,/ks/,box
1356,cr,/kr/,crab
1357,z,/z/,zebra
1358,oa,/oʊ/,boat
1359,str,/str/,street
1360,cr,/kr/,crab
1361,e,/ɛ/,egg
1362,t,/t/,top
1363,b,/b/,ball
1364,j,/ʤ/,jam
1365,j,/ʤ/,jam
1366,c,/k/,cat
1367,r,/r/,rat
1368,u,/ʌ/,umbrella
1369,j,/ʤ/,jam
1370,a,/æ/,apple
1371,u,/ʌ/,umbrella
1372,sh,/ʃ/,ship
1373,l,/l/,lamp
1374,oo,/uː/,moon
1375,i,/ɪ/,ink
1376,ai,/eɪ/,rain
1377,l,/l/,lamp
1378,oo,/uː/,moon
1379,c,/k/,cat
1380,ph,/f/,phone
1381,d,/d/,dog
1382,s,/s/,sun
1383,y,/j/,yak
1384,d,/d/,dog
1385,h,/h/,hat
1386,l,/l/,lamp
1387,s,/s/,sun
1388,e,/ɛ/,egg
1389,cr,/kr/,crab
1390,k,/k/,kite
1391,bl,/bl/,blue
1392,i,/ɪ/,ink
1393,n,/n/,net
1394,n,/n/,net
1395,ai,/eɪ/,rain
1396,sh,/ʃ/,ship
1397,s,/s/,sun
1398,i,/ɪ/,ink
1399,f,/f/,fish
1400,l,/l/,lamp
1401,str,/str/,street
1402,h,/h/,hat
1403,u,/ʌ/,umbrella
1404,w,/w/,watch
1405,b,/b/,ball
1406,u,/ʌ/,umbrella
1407,b,/b/,ball
1408,i,/ɪ/,ink
1409,q,/kw/,queen
1410,r,/r/,rat
1411,h,/h/,hat
1412,str,/str/,street
1413,p,/p/,pen
1414,ph,/f/,phone
1415,cr,/kr/,crab
1416,ch,/ʧ/,chair
1417,h,/h/,hat
1418,ch,/ʧ/,chair
1419,v,/v/,van
1420,k,/k/,kite
1421,n,/n/,net
1422,b,/b/,ball
1423,w,/w/,watch
1424,u,/ʌ/,umbrella
1425,a,/æ/,apple
1426,f,/f/,fish
1427,d,/d/,dog
1428,c,/k/,cat
1429,d,/d/,dog
1430,b,/b/,ball
1431,a,/æ/,apple
1432,y,/j/,yak
1433,p,/p/,pen
1434,r,/r/,rat
1435,e,/ɛ/,egg
1436,w,/w/,watch
1437,l,/l/,lamp
1438,y,/j/,yak
1439,f,/f/,fish
1440,i,/ɪ/,ink
1441,v,/v/,van
1442,u,/ʌ/,umbrella
1443,j,/ʤ/,jam
1444,cr,/kr/,crab
1445,r,/r/,rat
1446,str,/str/,street
1447,d,/d/,dog
1448,c,/k/,cat
1449,th,/θ/,think
1450,b,/b/,ball
1451,a,/æ/,apple
1452,q,/kw/,queen
1453,i,/ɪ/,ink
1454,e,/ɛ/,egg
1455,v,/v/,van
1456,ch,/ʧ/,chair
1457,o,/ɒ/,orange
1458,sh,/ʃ/,ship
1459,ai,/eɪ/,rain
1460,wh,/w/,what
1461,s,/s/,sun
1462,a,/æ/,apple
1463,ch,/ʧ/,chair
1464,d,/d/,dog
1465,y,/j/,yak
1466,h,/h/,hat
1467,l,/l/,lamp
1468,u,/ʌ/,umbrella
1469,q,/kw/,queen
1470,u,/ʌ/,umbrella
1471,q,/kw/,queen
1472,h,/h/,hat
1473,i,/ɪ/,ink
1474,q,/kw/,queen
1475,o,/ɒ/,orange
1476,p,/p/,pen
1477,w,/w/,watch
1478,str,/str/,street
1479,bl,/bl/,blue
1480,c,/k/,cat
1481,wh,/w/,what
1482,oo,/uː/,moon
1483,s,/s/,sun
1484,f,/f/,fish
1485,f,/f/,fish
1486,ee,/iː/,tree
1487,d,/d/,dog
1488,l,/l/,lamp
1489,w,/w/,watch
1490,th,/θ/,think
1491,ai,/eɪ/,rain
1492,m,/m/,man
1493,w,/w/,watch
1494,oo,/uː/,moon
1495,oa,/oʊ/,boat
1496,cr,/kr/,crab
1497,l,/l/,lamp
1498,k,/k/,kite
1499,l,/l/,lamp
1500,ch,/ʧ/,chair
1501,ch,/ʧ/,chair
1502,e,/ɛ/,egg
1503,o,/ɒ/,orange
1504,ee,/iː/,tree
1505,str,/str/,street
1506,o,/ɒ/,orange
1507,wh,/w/,what
1508,ee,/iː/,tree
1509,th,/θ/,think
1510,g,/g/,goat
1511,q,/kw/,queen
1512,a,/æ/,apple
1513,th,/θ/,think
1514,ch,/ʧ/,chair
1515,y,/j/,yak
1516,o,/ɒ/,orange
1517,oa,/oʊ/,boat
1518,oo,/uː/,moon
1519,ai,/eɪ/,rain
1520,ph,/f/,phone
1521,h,/h/,hat
1522,f,/f/,fish
1523,d,/d/,dog
1524,y,/j/,yak
1525,a,/æ/,apple
1526,d,/d/,dog
1527,ee,/iː/,tree
1528,n,/n/,net
1529,th,/θ/,think
1530,oo,/uː/,moon
1531,m,/m/,man
1532,z,/z/,zebra
1533,str,/str/,street
1534,q,/kw/,queen
1535,b,/b/,ball
1536,k,/k/,kite
1537,r,/r/,rat
1538,f,/f/,fish
1539,w,/w/,watch
1540,ph,/f/,phone
1541,f,/f/,fish
1542,sh,/ʃ/,ship
1543,oo,/uː/,moon
1544,sh,/ʃ/,ship
1545,z,/z/,zebra
1546,a,/æ/,apple
1547,v,/v/,van
1548,k,/k/,kite
1549,ph,/f/,phone
1550,b,/b/,ball
1551,cr,/kr/,crab
1552,ph,/f/,phone
1553,j,/ʤ/,jam
1554,th,/θ/,think
1555,t,/t/,top
1556,oo,/uː/,moon
1557,c,/k/,cat
1558,u,/ʌ/,umbrella
1559,v,/v/,van
1560,n,/n/,net
1561,wh,/w/,what
1562,a,/æ/,apple
1563,g,/g/,goat
1564,str,/str/,street
1565,ee,/iː/,tree
1566,b,/b/,ball
1567,wh,/w/,what
1568,ph,/f/,phone
1569,t,/t/,top
1570,i,/ɪ/,ink
1571,ee,/iː/,tree
1572,bl,/bl/,blue
1573,w,/w/,watch
1574,c,/k/,cat
1575,c,/k/,cat
1576,b,/b/,ball
1577,t,/t/,top
1578,b,/b/,ball
1579,k,/k/,kite
1580,m,/m/,man
1581,b,/b/,ball
1582,oa,/oʊ/,boat
1583,oo,/uː/,moon
1584,t,/t/,top
1585,wh,/w/,what
1586,w,/w/,watch
1587,oa,/oʊ/,boat
1588,n,/n/,net
1589,th,/θ/,think
1590,ai,/eɪ/,rain
1591,y,/j/,yak
1592,q,/kw/,queen
1593,ai,/eɪ/,rain
1594,v,/v/,van
1595,ch,/ʧ/,chair
1596,ch,/ʧ/,chair
1597,r,/r/,rat
1598,ai,/eɪ/,rain
1599,s,/s/,sun
1600,str,/str/,street
1601,str,/str/,street
1602,d,/d/,dog
1603,r,/r/,rat
1604,oa,/oʊ/,boat
1605,z,/z/,zebra
1606,m,/m/,man
1607,v,/v/,van
1608,y,/j/,yak
1609,bl,/bl/,blue
1610,y,/j/,yak
1611,b,/b/,ball
1612,ch,/ʧ/,chair
1613,q,/kw/,queen
1614,ai,/eɪ/,rain
1615,u,/ʌ/,umbrella
1616,oo,/uː/,moon
1617,x,/ks/,box
1618,f,/f/,fish
1619,bl,/bl/,blue
1620,a,/æ/,apple
1621,q,/kw/,queen
1622,b,/b/,ball
1623,c,/k/,cat
1624,w,/w/,watch
1625,v,/v/,van
1626,x,/ks/,box
1627,th,/θ/,think
1628,z,/z/,zebra
1629,c,/k/,cat
1630,p,/p/,pen
1631,n,/n/,net
1632,i,/ɪ/,ink
1633,cr,/kr/,crab
1634,ph,/f/,phone
1635,r,/r/,rat
1636,a,/æ/,apple
1637,j,/ʤ/,jam
1638,ch,/ʧ/,chair
1639,wh,/w/,what
1640,str,/str/,street
1641,oo,/uː/,moon
1642,ee,/iː/,tree
1643,ee,/iː/,tree
1644,c,/k/,cat
1645,s,/s/,sun
1646,v,/v/,van
1647,ai,/eɪ/,rain
1648,ch,/ʧ/,chair
1649,oo,/uː/,moon
1650,str,/str/,street
1651,oo,/uː/,moon
1652,x,/ks/,box
1653,wh,/w/,what
1654,b,/b/,ball
1655,a,/æ/,apple
1656,u,/ʌ/,umbrella
1657,ee,/iː/,tree
1658,f,/f/,fish
1659,p,/p/,pen
1660,bl,/bl/,blue
1661,str,/str/,street
1662,a,/æ/,apple
1663,q,/kw/,queen
1664,ch,/ʧ/,chair
1665,l,/l/,lamp
1666,b,/b/,ball
1667,y,/j/,yak
1668,i,/ɪ/,ink
1669,p,/p/,pen
1670,str,/str/,street
1671,d,/d/,dog
1672,ph,/f/,phone
1673,oo,/uː/,moon
1674,cr,/kr/,crab
1675,d,/d/,dog
1676,o,/ɒ/,orange
1677,l,/l/,lamp
1678,j,/ʤ/,jam
1679,y,/j/,yak
1680,bl,/bl/,blue
1681,bl,/bl/,blue
1682,i,/ɪ/,ink
1683,ch,/ʧ/,chair
1684,g,/g/,goat
1685,a,/æ/,apple
1686,o,/ɒ/,orange
1687,k,/k/,kite
1688,o,/ɒ/,orange
1689,t,/t/,top
1690,v,/v/,van
1691,k,/k/,kite
1692,w,/w/,watch
1693,ee,/iː/,tree
1694,oa,/oʊ/,boat
1695,r,/r/,rat
1696,n,/n/,net
1697,g,/g/,goat
1698,g,/g/,goat
1699,i,/ɪ/,ink
1700,cr,/kr/,crab
1701,w,/w/,watch
1702,n,/n/,net
1703,j,/ʤ/,jam
1704,n,/n/,net
1705,y,/j/,yak
1706,v,/v/,van
1707,n,/n/,net
1708,th,/θ/,think
1709,wh,/w/,what
1710,sh,/ʃ/,ship
1711,ch,/ʧ/,chair
1712,t,/t/,top
1713,cr,/kr/,crab
1714,ch,/ʧ/,chair
1715,cr,/kr/,crab
1716,p,/p/,pen
1717,ee,/iː/,tree
1718,bl,/bl/,blue
1719,r,/r/,rat
1720,g,/g/,goat
1721,j,/ʤ/,jam
1722,m,/m/,man
1723,a,/æ/,apple
1724,z,/z/,zebra
1725,t,/t/,top
1726,bl,/bl/,blue
1727,j,/ʤ/,jam
1728,g,/g/,goat
1729,l,/l/,lamp
1730,p,/p/,pen
1731,n,/n/,net
1732,c,/k/,cat
1733,oo,/uː/,moon
1734,k,/k/,kite
1735,ai,/eɪ/,rain
1736,h,/h/,hat
1737,d,/d/,dog
1738,th,/θ/,think
1739,s,/s/,sun
1740,d,/d/,dog
1741,wh,/w/,what
1742,z,/z/,zebra
1743,u,/ʌ/,umbrella
1744,e,/ɛ/,egg
1745,c,/k/,cat
1746,b,/b/,ball
1747,l,/l/,lamp
1748,e,/ɛ/,egg
1749,l,/l/,lamp
1750,s,/s/,sun
1751,str,/str/,street
1752,x,/ks/,box
1753,wh,/w/,what
1754,ee,/iː/,tree
1755,cr,/kr/,crab
1756,b,/b/,ball
1757,f,/f/,fish
1758,j,/ʤ/,jam
1759,u,/ʌ/,umbrella
1760,g,/g/,goat
1761,wh,/w/,what
1762,g,/g/,goat
1763,i,/ɪ/,ink
1764,z,/z/,zebra
1765,str,/str/,street
1766,th,/θ/,think
1767,oa,/oʊ/,boat
1768,str,/str/,street
1769,p,/p/,pen
1770,ph,/f/,phone
1771,f,/f/,fish
1772,th,/θ/,think
1773,n,/n/,net
1774,th,/θ/,think
1775,wh,/w/,what
1776,ch,/ʧ/,chair
1777,str,/str/,street
1778,f,/f/,fish
1779,e,/ɛ/,egg
1780,str,/str/,street
1781,l,/l/,lamp
1782,o,/ɒ/,orange
1783,ch,/ʧ/,chair
1784,i,/ɪ/,ink
1785,ee,/iː/,tree
1786,oa,/oʊ/,boat
1787,g,/g/,goat
1788,r,/r/,rat
1789,sh,/ʃ/,ship
1790,wh,/w/,what
1791,b,/b/,ball
1792,a,/æ/,apple
1793,f,/f/,fish
1794,sh,/ʃ/,ship
1795,y,/j/,yak
1796,n,/n/,net
1797,ai,/eɪ/,rain
1798,v,/v/,van
1799,e,/ɛ/,egg
1800,g,/g/,goat
1801,th,/θ/,think
1802,f,/f/,fish
1803,q,/kw/,queen
1804,th,/θ/,think
1805,c,/k/,cat
1806,oo,/uː/,moon
1807,f,/f/,fish
1808,s,/s/,sun
1809,g,/g/,goat
1810,c,/k/,cat
1811,f,/f/,fish
1812,b,/b/,ball
1813,x,/ks/,box
1814,t,/t/,top
1815,h,/h/,hat
1816,ee,/iː/,tree
1817,f,/f/,fish
1818,r,/r/,rat
1819,u,/ʌ/,umbrella
1820,n,/n/,net
1821,y,/j/,yak
1822,c,/k/,cat
1823,p,/p/,pen
1824,oa,/oʊ/,boat
1825,w,/w/,watch
1826,y,/j/,yak
1827,k,/k/,kite
1828,t,/t/,top
1829,b,/b/,ball
1830,bl,/bl/,blue
1831,u,/ʌ/,umbrella
1832,m,/m/,man
1833,r,/r/,rat
1834,oa,/oʊ/,boat
1835,n,/n/,net
1836,r,/r/,rat
1837,i,/ɪ/,ink
1838,oo,/uː/,moon
1839,h,/h/,hat
1840,wh,/w/,what
1841,oo,/uː/,moon
1842,ch,/ʧ/,chair
1843,l,/l/,lamp
1844,oo,/uː/,moon
1845,n,/n/,net
1846,p,/p/,pen
1847,a,/æ/,apple
1848,a,/æ/,apple
1849,o,/ɒ/,orange
1850,e,/ɛ/,egg
1851,l,/l/,lamp
1852,l,/l/,lamp
1853,oa,/oʊ/,boat
1854,b,/b/,ball
1855,th,/θ/,think
1856,n,/n/,net
1857,ee,/iː/,tree
1858,str,/str/,street
1859,a,/æ/,apple
1860,y,/j/,yak
1861,j,/ʤ/,jam
1862,k,/k/,kite
1863,wh,/w/,what
1864,oa,/oʊ/,boat
1865,p,/p/,pen
1866,x,/ks/,box
1867,k,/k/,kite
1868,p,/p/,pen
1869,wh,/w/,what
1870,ee,/iː/,tree
1871,oa,/oʊ/,boat
1872,oo,/uː/,moon
1873,c,/k/,cat
1874,u,/ʌ/,umbrella
1875,g,/g/,goat
1876,y,/j/,yak
1877,k,/k/,kite
1878,n,/n/,net
1879,bl,/bl/,blue
1880,str,/str/,street
1881,ph,/f/,phone
1882,s,/s/,sun
1883,b,/b/,ball
1884,ch,/ʧ/,chair
1885,q,/kw/,queen
1886,oa,/oʊ/,boat
1887,ee,/iː/,tree
1888,th,/θ/,think
1889,wh,/w/,what
1890,y,/j/,yak
1891,m,/m/,man
1892,m,/m/,man
1893,b,/b/,ball
1894,ai,/eɪ/,rain
1895,w,/w/,watch
1896,sh,/ʃ/,ship
1897,oo,/uː/,moon
1898,g,/g/,goat
1899,z,/z/,zebra
1900,w,/w/,watch
1901,l,/l/,lamp
1902,s,/s/,sun
1903,m,/m/,man
1904,ph,/f/,phone
1905,wh,/w/,what
1906,l,/l/,lamp
1907,str,/str/,street
1908,b,/b/,ball
1909,z,/z/,zebra
1910,j,/ʤ/,jam
1911,ch,/ʧ/,chair
1912,j,/ʤ/,jam
1913,i,/ɪ/,ink
1914,bl,/bl/,blue
1915,u,/ʌ/,umbrella
1916,r,/r/,rat
1917,x,/ks/,box
1918,d,/d/,dog
1919,a,/æ/,apple
1920,wh,/w/,what
1921,v,/v/,van
1922,k,/k/,kite
1923,ch,/ʧ/,chair
1924,z,/z/,zebra
1925,r,/r/,rat
1926,l,/l/,lamp
1927,g,/g/,goat
1928,z,/z/,zebra
1929,w,/w/,watch
1930,ee,/iː/,tree
1931,k,/k/,kite
1932,sh,/ʃ/,ship
1933,oa,/oʊ/,boat
1934,g,/g/,goat
1935,v,/v/,van
1936,th,/θ/,think
1937,b,/b/,ball
1938,o,/ɒ/,orange
1939,v,/v/,van
1940,th,/θ/,think
1941,q,/kw/,queen
1942,u,/ʌ/,umbrella
1943,ch,/ʧ/,chair
1944,th,/θ/,think
1945,l,/l/,lamp
1946,str,/str/,street
1947,x,/ks/,box
1948,cr,/kr/,crab
1949,d,/d/,dog
1950,ai,/eɪ/,rain
1951,th,/θ/,think
1952,x,/ks/,box
1953,m,/m/,man
1954,h,/h/,hat
1955,d,/d/,dog
1956,q,/kw/,queen
1957,wh,/w/,what
1958,i,/ɪ/,ink
1959,sh,/ʃ/,ship
1960,r,/r/,rat
1961,k,/k/,kite
1962,ee,/iː/,tree
1963,i,/ɪ/,ink
1964,oa,/oʊ/,boat
1965,ee,/iː/,tree
1966,v,/v/,van
1967,ai,/eɪ/,rain
1968,th,/θ/,think
1969,k,/k/,kite
1970,u,/ʌ/,umbrella
1971,x,/ks/,box
1972,cr,/kr/,crab
1973,p,/p/,pen
1974,v,/v/,van
1975,l,/l/,lamp
1976,r,/r/,rat
1977,v,/v/,van
1978,r,/r/,rat
1979,o,/ɒ/,orange
1980,r,/r/,rat
1981,v,/v/,van
1982,ai,/eɪ/,rain
1983,w,/w/,watch
1984,e,/ɛ/,egg
1985,th,/θ/,think
1986,p,/p/,pen
1987,f,/f/,fish
1988,bl,/bl/,blue
1989,q,/kw/,queen
1990,k,/k/,kite
1991,s,/s/,sun
1992,x,/ks/,box
1993,p,/p/,pen
1994,y,/j/,yak
1995,ch,/ʧ/,chair
1996,j,/ʤ/,jam
1997,o,/ɒ/,orange
1998,k,/k/,kite
1999,b,/b/,ball
2000,cr,/kr/,crab
