id,input_word,correct_word,reversal_type
1,no,on,full_reversal
2,drwaer,drawer,internal_reversal
3,drwaer,drawer,internal_reversal
4,god,dog,full_reversal
5,on,no,full_reversal
6,setp,step,internal_reversal
7,reward,drawer,full_reversal
8,setp,step,internal_reversal
9,no,on,full_reversal
10,dog,god,full_reversal
11,loop,pool,full_reversal
12,was,saw,full_reversal
13,pat,tap,full_reversal
14,pets,step,full_reversal
15,tap,pat,full_reversal
16,no,on,full_reversal
17,draewr,drawer,internal_reversal
18,step,pets,full_reversal
19,god,dog,full_reversal
20,dog,god,full_reversal
21,on,no,full_reversal
22,no,on,full_reversal
23,drawre,drawer,internal_reversal
24,pets,step,full_reversal
25,pets,step,full_reversal
26,pool,loop,full_reversal
27,pat,tap,full_reversal
28,pets,step,full_reversal
29,pool,loop,full_reversal
30,loop,pool,full_reversal
31,pat,tap,full_reversal
32,was,saw,full_reversal
33,pets,step,full_reversal
34,pat,tap,full_reversal
35,tap,pat,full_reversal
36,drwaer,drawer,internal_reversal
37,rweard,reward,internal_reversal
38,pest,pets,internal_reversal
39,setp,step,internal_reversal
40,was,saw,full_reversal
41,pat,tap,full_reversal
42,reward,drawer,full_reversal
43,tap,pat,full_reversal
44,was,saw,full_reversal
45,rweard,reward,internal_reversal
46,on,no,full_reversal
47,no,on,full_reversal
48,rewrad,reward,internal_reversal
49,dog,god,full_reversal
50,pat,tap,full_reversal
51,was,saw,full_reversal
52,step,pets,full_reversal
53,drawer,reward,full_reversal
54,no,on,full_reversal
55,reward,drawer,full_reversal
56,tap,pat,full_reversal
57,drawer,reward,full_reversal
58,no,on,full_reversal
59,step,pets,full_reversal
60,pat,tap,full_reversal
61,god,dog,full_reversal
62,pat,tap,full_reversal
63,pets,step,full_reversal
64,lopo,loop,internal_reversal
65,pest,pets,internal_reversal
66,was,saw,full_reversal
67,dog,god,full_reversal
68,step,pets,full_reversal
69,darwer,drawer,internal_reversal
70,god,dog,full_reversal
71,on,no,full_reversal
72,reward,drawer,full_reversal
73,pat,tap,full_reversal
74,pat,tap,full_reversal
75,god,dog,full_reversal
76,stpe,step,internal_reversal
77,saw,was,full_reversal
78,polo,pool,internal_reversal
79,pets,step,full_reversal
80,was,saw,full_reversal
81,loop,pool,full_reversal
82,pest,pets,internal_reversal
83,pest,pets,internal_reversal
84,god,dog,full_reversal
85,pets,step,full_reversal
86,on,no,full_reversal
87,pest,pets,internal_reversal
88,drawer,reward,full_reversal
89,dog,god,full_reversal
90,lopo,loop,internal_reversal
91,polo,pool,internal_reversal
92,god,dog,full_reversal
93,drawer,reward,full_reversal
94,darwer,drawer,internal_reversal
95,lopo,loop,internal_reversal
96,on,no,full_reversal
97,on,no,full_reversal
98,no,on,full_reversal
99,was,saw,full_reversal
100,drawer,reward,full_reversal
101,drwaer,drawer,internal_reversal
102,on,no,full_reversal
103,drawer,reward,full_reversal
104,rweard,reward,internal_reversal
105,pat,tap,full_reversal
106,pool,loop,full_reversal
107,on,no,full_reversal
108,tap,pat,full_reversal
109,pat,tap,full_reversal
110,tap,pat,full_reversal
111,dog,god,full_reversal
112,draewr,drawer,internal_reversal
113,darwer,drawer,internal_reversal
114,pets,step,full_reversal
115,reawrd,reward,internal_reversal
116,rweard,reward,internal_reversal
117,setp,step,internal_reversal
118,pool,loop,full_reversal
119,reawrd,reward,internal_reversal
120,dog,god,full_reversal
121,loop,pool,full_reversal
122,no,on,full_reversal
123,loop,pool,full_reversal
124,was,saw,full_reversal
125,tap,pat,full_reversal
126,pool,loop,full_reversal
127,pest,pets,internal_reversal
128,saw,was,full_reversal
129,saw,was,full_reversal
130,ptes,pets,internal_reversal
131,pool,loop,full_reversal
132,lopo,loop,internal_reversal
133,dog,god,full_reversal
134,loop,pool,full_reversal
135,rweard,reward,internal_reversal
136,on,no,full_reversal
137,drawre,drawer,internal_reversal
138,on,no,full_reversal
139,pat,tap,full_reversal
140,polo,pool,internal_reversal
141,ptes,pets,internal_reversal
142,pat,tap,full_reversal
143,pat,tap,full_reversal
144,saw,was,full_reversal
145,loop,pool,full_reversal
146,reawrd,reward,internal_reversal
147,rewrad,reward,internal_reversal
148,drawer,reward,full_reversal
149,was,saw,full_reversal
150,step,pets,full_reversal
151,setp,step,internal_reversal
152,no,on,full_reversal
153,no,on,full_reversal
154,tap,pat,full_reversal
155,loop,pool,full_reversal
156,tap,pat,full_reversal
157,loop,pool,full_reversal
158,pool,loop,full_reversal
159,pest,pets,internal_reversal
160,pest,pets,internal_reversal
161,tap,pat,full_reversal
162,rweard,reward,internal_reversal
163,pat,tap,full_reversal
164,dog,god,full_reversal
165,saw,was,full_reversal
166,pat,tap,full_reversal
167,was,saw,full_reversal
168,saw,was,full_reversal
169,dog,god,full_reversal
170,dog,god,full_reversal
171,reward,drawer,full_reversal
172,no,on,full_reversal
173,saw,was,full_reversal
174,dog,god,full_reversal
175,pool,loop,full_reversal
176,stpe,step,internal_reversal
177,was,saw,full_reversal
178,pest,pets,internal_reversal
179,drawer,reward,full_reversal
180,no,on,full_reversal
181,loop,pool,full_reversal
182,was,saw,full_reversal
183,pets,step,full_reversal
184,dog,god,full_reversal
185,drawre,drawer,internal_reversal
186,pat,tap,full_reversal
187,polo,pool,internal_reversal
188,god,dog,full_reversal
189,lopo,loop,internal_reversal
190,pets,step,full_reversal
191,lopo,loop,internal_reversal
192,pets,step,full_reversal
193,god,dog,full_reversal
194,on,no,full_reversal
195,stpe,step,internal_reversal
196,setp,step,internal_reversal
197,pool,loop,full_reversal
198,god,dog,full_reversal
199,rewadr,reward,internal_reversal
200,tap,pat,full_reversal
201,pool,loop,full_reversal
202,drawer,reward,full_reversal
203,pool,loop,full_reversal
204,ptes,pets,internal_reversal
205,no,on,full_reversal
206,on,no,full_reversal
207,step,pets,full_reversal
208,tap,pat,full_reversal
209,loop,pool,full_reversal
210,dog,god,full_reversal
211,loop,pool,full_reversal
212,pat,tap,full_reversal
213,reward,drawer,full_reversal
214,no,on,full_reversal
215,god,dog,full_reversal
216,dog,god,full_reversal
217,saw,was,full_reversal
218,step,pets,full_reversal
219,pat,tap,full_reversal
220,drawer,reward,full_reversal
221,reward,drawer,full_reversal
222,polo,pool,internal_reversal
223,step,pets,full_reversal
224,lopo,loop,internal_reversal
225,setp,step,internal_reversal
226,drwaer,drawer,internal_reversal
227,setp,step,internal_reversal
228,pool,loop,full_reversal
229,was,saw,full_reversal
230,was,saw,full_reversal
231,tap,pat,full_reversal
232,pat,tap,full_reversal
233,no,on,full_reversal
234,on,no,full_reversal
235,ptes,pets,internal_reversal
236,polo,pool,internal_reversal
237,was,saw,full_reversal
238,rweard,reward,internal_reversal
239,reward,drawer,full_reversal
240,god,dog,full_reversal
241,saw,was,full_reversal
242,polo,pool,internal_reversal
243,saw,was,full_reversal
244,loop,pool,full_reversal
245,pat,tap,full_reversal
246,drawre,drawer,internal_reversal
247,pool,loop,full_reversal
248,reward,drawer,full_reversal
249,tap,pat,full_reversal
250,lopo,loop,internal_reversal
251,god,dog,full_reversal
252,dog,god,full_reversal
253,pets,step,full_reversal
254,saw,was,full_reversal
255,on,no,full_reversal
256,dog,god,full_reversal
257,tap,pat,full_reversal
258,ptes,pets,internal_reversal
259,god,dog,full_reversal
260,tap,pat,full_reversal
261,reward,drawer,full_reversal
262,ptes,pets,internal_reversal
263,saw,was,full_reversal
264,stpe,step,internal_reversal
265,pool,loop,full_reversal
266,rewadr,reward,internal_reversal
267,was,saw,full_reversal
268,draewr,drawer,internal_reversal
269,was,saw,full_reversal
270,was,saw,full_reversal
271,loop,pool,full_reversal
272,pest,pets,internal_reversal
273,drawer,reward,full_reversal
274,saw,was,full_reversal
275,reward,drawer,full_reversal
276,saw,was,full_reversal
277,pets,step,full_reversal
278,pool,loop,full_reversal
279,drwaer,drawer,internal_reversal
280,no,on,full_reversal
281,pets,step,full_reversal
282,setp,step,internal_reversal
283,dog,god,full_reversal
284,was,saw,full_reversal
285,was,saw,full_reversal
286,tap,pat,full_reversal
287,polo,pool,internal_reversal
288,reward,drawer,full_reversal
289,reawrd,reward,internal_reversal
290,lopo,loop,internal_reversal
291,dog,god,full_reversal
292,reward,drawer,full_reversal
293,step,pets,full_reversal
294,loop,pool,full_reversal
295,loop,pool,full_reversal
296,reward,drawer,full_reversal
297,saw,was,full_reversal
298,stpe,step,internal_reversal
299,no,on,full_reversal
300,lopo,loop,internal_reversal
301,on,no,full_reversal
302,rewrad,reward,internal_reversal
303,dog,god,full_reversal
304,dog,god,full_reversal
305,pest,pets,internal_reversal
306,ptes,pets,internal_reversal
307,polo,pool,internal_reversal
308,ptes,pets,internal_reversal
309,lopo,loop,internal_reversal
310,pets,step,full_reversal
311,on,no,full_reversal
312,dog,god,full_reversal
313,dog,god,full_reversal
314,step,pets,full_reversal
315,pool,loop,full_reversal
316,on,no,full_reversal
317,pool,loop,full_reversal
318,ptes,pets,internal_reversal
319,pets,step,full_reversal
320,step,pets,full_reversal
321,step,pets,full_reversal
322,pat,tap,full_reversal
323,drawre,drawer,internal_reversal
324,god,dog,full_reversal
325,no,on,full_reversal
326,tap,pat,full_reversal
327,dog,god,full_reversal
328,pets,step,full_reversal
329,pool,loop,full_reversal
330,was,saw,full_reversal
331,dog,god,full_reversal
332,rewrad,reward,internal_reversal
333,reward,drawer,full_reversal
334,dog,god,full_reversal
335,pat,tap,full_reversal
336,drawre,drawer,internal_reversal
337,pets,step,full_reversal
338,drawre,drawer,internal_reversal
339,saw,was,full_reversal
340,no,on,full_reversal
341,pool,loop,full_reversal
342,saw,was,full_reversal
343,loop,pool,full_reversal
344,pets,step,full_reversal
345,pets,step,full_reversal
346,loop,pool,full_reversal
347,pat,tap,full_reversal
348,lopo,loop,internal_reversal
349,stpe,step,internal_reversal
350,lopo,loop,internal_reversal
351,drawre,drawer,internal_reversal
352,saw,was,full_reversal
353,was,saw,full_reversal
354,setp,step,internal_reversal
355,step,pets,full_reversal
356,no,on,full_reversal
357,was,saw,full_reversal
358,was,saw,full_reversal
359,pest,pets,internal_reversal
360,tap,pat,full_reversal
361,was,saw,full_reversal
362,tap,pat,full_reversal
363,step,pets,full_reversal
364,reward,drawer,full_reversal
365,god,dog,full_reversal
366,reward,drawer,full_reversal
367,saw,was,full_reversal
368,step,pets,full_reversal
369,god,dog,full_reversal
370,no,on,full_reversal
371,reward,drawer,full_reversal
372,on,no,full_reversal
373,reward,drawer,full_reversal
374,pets,step,full_reversal
375,no,on,full_reversal
376,drawer,reward,full_reversal
377,reward,drawer,full_reversal
378,step,pets,full_reversal
379,pets,step,full_reversal
380,no,on,full_reversal
381,setp,step,internal_reversal
382,ptes,pets,internal_reversal
383,lopo,loop,internal_reversal
384,lopo,loop,internal_reversal
385,was,saw,full_reversal
386,tap,pat,full_reversal
387,drawer,reward,full_reversal
388,on,no,full_reversal
389,no,on,full_reversal
390,dog,god,full_reversal
391,drawre,drawer,internal_reversal
392,polo,pool,internal_reversal
393,was,saw,full_reversal
394,saw,was,full_reversal
395,pat,tap,full_reversal
396,ptes,pets,internal_reversal
397,loop,pool,full_reversal
398,dog,god,full_reversal
399,rweard,reward,internal_reversal
400,drawer,reward,full_reversal
401,was,saw,full_reversal
402,saw,was,full_reversal
403,on,no,full_reversal
404,saw,was,full_reversal
405,no,on,full_reversal
406,loop,pool,full_reversal
407,polo,pool,internal_reversal
408,loop,pool,full_reversal
409,pest,pets,internal_reversal
410,lopo,loop,internal_reversal
411,lopo,loop,internal_reversal
412,tap,pat,full_reversal
413,god,dog,full_reversal
414,rweard,reward,internal_reversal
415,saw,was,full_reversal
416,pat,tap,full_reversal
417,on,no,full_reversal
418,drwaer,drawer,internal_reversal
419,tap,pat,full_reversal
420,stpe,step,internal_reversal
421,god,dog,full_reversal
422,rewadr,reward,internal_reversal
423,pets,step,full_reversal
424,no,on,full_reversal
425,loop,pool,full_reversal
426,pat,tap,full_reversal
427,stpe,step,internal_reversal
428,pets,step,full_reversal
429,pets,step,full_reversal
430,no,on,full_reversal
431,no,on,full_reversal
432,no,on,full_reversal
433,pool,loop,full_reversal
434,saw,was,full_reversal
435,god,dog,full_reversal
436,setp,step,internal_reversal
437,no,on,full_reversal
438,step,pets,full_reversal
439,setp,step,internal_reversal
440,pets,step,full_reversal
441,pool,loop,full_reversal
442,on,no,full_reversal
443,step,pets,full_reversal
444,loop,pool,full_reversal
445,stpe,step,internal_reversal
446,loop,pool,full_reversal
447,reward,drawer,full_reversal
448,pets,step,full_reversal
449,step,pets,full_reversal
450,pets,step,full_reversal
451,god,dog,full_reversal
452,god,dog,full_reversal
453,drawer,reward,full_reversal
454,on,no,full_reversal
455,drawer,reward,full_reversal
456,drawer,reward,full_reversal
457,loop,pool,full_reversal
458,reward,drawer,full_reversal
459,pool,loop,full_reversal
460,draewr,drawer,internal_reversal
461,tap,pat,full_reversal
462,god,dog,full_reversal
463,reward,drawer,full_reversal
464,setp,step,internal_reversal
465,reward,drawer,full_reversal
466,was,saw,full_reversal
467,dog,god,full_reversal
468,was,saw,full_reversal
469,saw,was,full_reversal
470,pat,tap,full_reversal
471,god,dog,full_reversal
472,pat,tap,full_reversal
473,loop,pool,full_reversal
474,no,on,full_reversal
475,on,no,full_reversal
476,on,no,full_reversal
477,pest,pets,internal_reversal
478,dog,god,full_reversal
479,stpe,step,internal_reversal
480,dog,god,full_reversal
481,dog,god,full_reversal
482,draewr,drawer,internal_reversal
483,tap,pat,full_reversal
484,step,pets,full_reversal
485,no,on,full_reversal
486,was,saw,full_reversal
487,drawer,reward,full_reversal
488,drawre,drawer,internal_reversal
489,dog,god,full_reversal
490,reawrd,reward,internal_reversal
491,ptes,pets,internal_reversal
492,draewr,drawer,internal_reversal
493,polo,pool,internal_reversal
494,pool,loop,full_reversal
495,rewadr,reward,internal_reversal
496,loop,pool,full_reversal
497,pool,loop,full_reversal
498,dog,god,full_reversal
499,stpe,step,internal_reversal
500,no,on,full_reversal
501,pets,step,full_reversal
502,god,dog,full_reversal
503,step,pets,full_reversal
504,loop,pool,full_reversal
505,ptes,pets,internal_reversal
506,no,on,full_reversal
507,no,on,full_reversal
508,reward,drawer,full_reversal
509,darwer,drawer,internal_reversal
510,reawrd,reward,internal_reversal
511,drawer,reward,full_reversal
512,stpe,step,internal_reversal
513,saw,was,full_reversal
514,polo,pool,internal_reversal
515,step,pets,full_reversal
516,reward,drawer,full_reversal
517,rewrad,reward,internal_reversal
518,pool,loop,full_reversal
519,draewr,drawer,internal_reversal
520,pool,loop,full_reversal
521,loop,pool,full_reversal
522,pat,tap,full_reversal
523,god,dog,full_reversal
524,loop,pool,full_reversal
525,dog,god,full_reversal
526,drawer,reward,full_reversal
527,no,on,full_reversal
528,saw,was,full_reversal
529,pool,loop,full_reversal
530,pest,pets,internal_reversal
531,step,pets,full_reversal
532,no,on,full_reversal
533,drawer,reward,full_reversal
534,pat,tap,full_reversal
535,was,saw,full_reversal
536,saw,was,full_reversal
537,pest,pets,internal_reversal
538,rewrad,reward,internal_reversal
539,polo,pool,internal_reversal
540,no,on,full_reversal
541,reward,drawer,full_reversal
542,drawer,reward,full_reversal
543,pat,tap,full_reversal
544,no,on,full_reversal
545,on,no,full_reversal
546,ptes,pets,internal_reversal
547,step,pets,full_reversal
548,loop,pool,full_reversal
549,step,pets,full_reversal
550,tap,pat,full_reversal
551,loop,pool,full_reversal
552,drawer,reward,full_reversal
553,loop,pool,full_reversal
554,drawer,reward,full_reversal
555,step,pets,full_reversal
556,on,no,full_reversal
557,pest,pets,internal_reversal
558,polo,pool,internal_reversal
559,pest,pets,internal_reversal
560,step,pets,full_reversal
561,saw,was,full_reversal
562,no,on,full_reversal
563,dog,god,full_reversal
564,step,pets,full_reversal
565,loop,pool,full_reversal
566,god,dog,full_reversal
567,dog,god,full_reversal
568,loop,pool,full_reversal
569,pat,tap,full_reversal
570,stpe,step,internal_reversal
571,god,dog,full_reversal
572,was,saw,full_reversal
573,rweard,reward,internal_reversal
574,pets,step,full_reversal
575,ptes,pets,internal_reversal
576,pat,tap,full_reversal
577,pat,tap,full_reversal
578,step,pets,full_reversal
579,lopo,loop,internal_reversal
580,tap,pat,full_reversal
581,saw,was,full_reversal
582,loop,pool,full_reversal
583,saw,was,full_reversal
584,stpe,step,internal_reversal
585,on,no,full_reversal
586,reward,drawer,full_reversal
587,pool,loop,full_reversal
588,pets,step,full_reversal
589,darwer,drawer,internal_reversal
590,setp,step,internal_reversal
591,pets,step,full_reversal
592,dog,god,full_reversal
593,was,saw,full_reversal
594,on,no,full_reversal
595,drawer,reward,full_reversal
596,pets,step,full_reversal
597,pets,step,full_reversal
598,god,dog,full_reversal
599,lopo,loop,internal_reversal
600,pest,pets,internal_reversal
601,reward,drawer,full_reversal
602,ptes,pets,internal_reversal
603,no,on,full_reversal
604,was,saw,full_reversal
605,reward,drawer,full_reversal
606,drawer,reward,full_reversal
607,saw,was,full_reversal
608,pool,loop,full_reversal
609,reward,drawer,full_reversal
610,saw,was,full_reversal
611,darwer,drawer,internal_reversal
612,reward,drawer,full_reversal
613,saw,was,full_reversal
614,pat,tap,full_reversal
615,pets,step,full_reversal
616,saw,was,full_reversal
617,pest,pets,internal_reversal
618,pets,step,full_reversal
619,tap,pat,full_reversal
620,pest,pets,internal_reversal
621,drawer,reward,full_reversal
622,pat,tap,full_reversal
623,pets,step,full_reversal
624,no,on,full_reversal
625,saw,was,full_reversal
626,on,no,full_reversal
627,reawrd,reward,internal_reversal
628,dog,god,full_reversal
629,loop,pool,full_reversal
630,step,pets,full_reversal
631,ptes,pets,internal_reversal
632,draewr,drawer,internal_reversal
633,drawer,reward,full_reversal
634,was,saw,full_reversal
635,pat,tap,full_reversal
636,was,saw,full_reversal
637,no,on,full_reversal
638,loop,pool,full_reversal
639,pets,step,full_reversal
640,pat,tap,full_reversal
641,rewadr,reward,internal_reversal
642,reawrd,reward,internal_reversal
643,stpe,step,internal_reversal
644,drawer,reward,full_reversal
645,pool,loop,full_reversal
646,tap,pat,full_reversal
647,ptes,pets,internal_reversal
648,god,dog,full_reversal
649,reward,drawer,full_reversal
650,pool,loop,full_reversal
651,pool,loop,full_reversal
652,god,dog,full_reversal
653,dog,god,full_reversal
654,tap,pat,full_reversal
655,was,saw,full_reversal
656,on,no,full_reversal
657,pets,step,full_reversal
658,on,no,full_reversal
659,rweard,reward,internal_reversal
660,pest,pets,internal_reversal
661,on,no,full_reversal
662,tap,pat,full_reversal
663,rewrad,reward,internal_reversal
664,loop,pool,full_reversal
665,pest,pets,internal_reversal
666,pat,tap,full_reversal
667,saw,was,full_reversal
668,setp,step,internal_reversal
669,polo,pool,internal_reversal
670,dog,god,full_reversal
671,on,no,full_reversal
672,ptes,pets,internal_reversal
673,pool,loop,full_reversal
674,no,on,full_reversal
675,on,no,full_reversal
676,loop,pool,full_reversal
677,no,on,full_reversal
678,saw,was,full_reversal
679,was,saw,full_reversal
680,tap,pat,full_reversal
681,on,no,full_reversal
682,no,on,full_reversal
683,god,dog,full_reversal
684,setp,step,internal_reversal
685,step,pets,full_reversal
686,pest,pets,internal_reversal
687,dog,god,full_reversal
688,god,dog,full_reversal
689,lopo,loop,internal_reversal
690,no,on,full_reversal
691,god,dog,full_reversal
692,dog,god,full_reversal
693,tap,pat,full_reversal
694,stpe,step,internal_reversal
695,no,on,full_reversal
696,no,on,full_reversal
697,tap,pat,full_reversal
698,pat,tap,full_reversal
699,draewr,drawer,internal_reversal
700,rweard,reward,internal_reversal
701,stpe,step,internal_reversal
702,step,pets,full_reversal
703,no,on,full_reversal
704,rweard,reward,internal_reversal
705,drawer,reward,full_reversal
706,was,saw,full_reversal
707,saw,was,full_reversal
708,reawrd,reward,internal_reversal
709,reward,drawer,full_reversal
710,drawre,drawer,internal_reversal
711,drwaer,drawer,internal_reversal
712,loop,pool,full_reversal
713,saw,was,full_reversal
714,no,on,full_reversal
715,rewadr,reward,internal_reversal
716,dog,god,full_reversal
717,draewr,drawer,internal_reversal
718,on,no,full_reversal
719,drawre,drawer,internal_reversal
720,god,dog,full_reversal
721,loop,pool,full_reversal
722,loop,pool,full_reversal
723,step,pets,full_reversal
724,ptes,pets,internal_reversal
725,pool,loop,full_reversal
726,no,on,full_reversal
727,saw,was,full_reversal
728,dog,god,full_reversal
729,lopo,loop,internal_reversal
730,pat,tap,full_reversal
731,drawer,reward,full_reversal
732,setp,step,internal_reversal
733,saw,was,full_reversal
734,rewadr,reward,internal_reversal
735,pat,tap,full_reversal
736,lopo,loop,internal_reversal
737,dog,god,full_reversal
738,saw,was,full_reversal
739,was,saw,full_reversal
740,tap,pat,full_reversal
741,step,pets,full_reversal
742,ptes,pets,internal_reversal
743,reward,drawer,full_reversal
744,pat,tap,full_reversal
745,loop,pool,full_reversal
746,was,saw,full_reversal
747,reward,drawer,full_reversal
748,step,pets,full_reversal
749,was,saw,full_reversal
750,no,on,full_reversal
751,tap,pat,full_reversal
752,pets,step,full_reversal
753,tap,pat,full_reversal
754,pat,tap,full_reversal
755,dog,god,full_reversal
756,pool,loop,full_reversal
757,saw,was,full_reversal
758,pat,tap,full_reversal
759,was,saw,full_reversal
760,dog,god,full_reversal
761,rewadr,reward,internal_reversal
762,dog,god,full_reversal
763,tap,pat,full_reversal
764,god,dog,full_reversal
765,drawre,drawer,internal_reversal
766,lopo,loop,internal_reversal
767,pool,loop,full_reversal
768,saw,was,full_reversal
769,ptes,pets,internal_reversal
770,god,dog,full_reversal
771,drawre,drawer,internal_reversal
772,saw,was,full_reversal
773,saw,was,full_reversal
774,tap,pat,full_reversal
775,pest,pets,internal_reversal
776,pat,tap,full_reversal
777,pets,step,full_reversal
778,pets,step,full_reversal
779,saw,was,full_reversal
780,drwaer,drawer,internal_reversal
781,step,pets,full_reversal
782,no,on,full_reversal
783,reawrd,reward,internal_reversal
784,no,on,full_reversal
785,pets,step,full_reversal
786,was,saw,full_reversal
787,saw,was,full_reversal
788,dog,god,full_reversal
789,setp,step,internal_reversal
790,draewr,drawer,internal_reversal
791,was,saw,full_reversal
792,god,dog,full_reversal
793,dog,god,full_reversal
794,draewr,drawer,internal_reversal
795,pets,step,full_reversal
796,pets,step,full_reversal
797,saw,was,full_reversal
798,god,dog,full_reversal
799,loop,pool,full_reversal
800,rweard,reward,internal_reversal
801,loop,pool,full_reversal
802,step,pets,full_reversal
803,no,on,full_reversal
804,loop,pool,full_reversal
805,tap,pat,full_reversal
806,setp,step,internal_reversal
807,on,no,full_reversal
808,god,dog,full_reversal
809,dog,god,full_reversal
810,ptes,pets,internal_reversal
811,drawer,reward,full_reversal
812,darwer,drawer,internal_reversal
813,drawer,reward,full_reversal
814,pool,loop,full_reversal
815,reward,drawer,full_reversal
816,dog,god,full_reversal
817,was,saw,full_reversal
818,setp,step,internal_reversal
819,loop,pool,full_reversal
820,pat,tap,full_reversal
821,drwaer,drawer,internal_reversal
822,step,pets,full_reversal
823,saw,was,full_reversal
824,drawer,reward,full_reversal
825,pets,step,full_reversal
826,drwaer,drawer,internal_reversal
827,dog,god,full_reversal
828,saw,was,full_reversal
829,pool,loop,full_reversal
830,polo,pool,internal_reversal
831,god,dog,full_reversal
832,loop,pool,full_reversal
833,reward,drawer,full_reversal
834,lopo,loop,internal_reversal
835,pat,tap,full_reversal
836,loop,pool,full_reversal
837,dog,god,full_reversal
838,rewadr,reward,internal_reversal
839,god,dog,full_reversal
840,tap,pat,full_reversal
841,reward,drawer,full_reversal
842,lopo,loop,internal_reversal
843,tap,pat,full_reversal
844,darwer,drawer,internal_reversal
845,pest,pets,internal_reversal
846,tap,pat,full_reversal
847,drawer,reward,full_reversal
848,drawer,reward,full_reversal
849,pool,loop,full_reversal
850,was,saw,full_reversal
851,ptes,pets,internal_reversal
852,pat,tap,full_reversal
853,pat,tap,full_reversal
854,pat,tap,full_reversal
855,rewrad,reward,internal_reversal
856,lopo,loop,internal_reversal
857,polo,pool,internal_reversal
858,on,no,full_reversal
859,rweard,reward,internal_reversal
860,drawer,reward,full_reversal
861,reward,drawer,full_reversal
862,no,on,full_reversal
863,reward,drawer,full_reversal
864,reward,drawer,full_reversal
865,on,no,full_reversal
866,on,no,full_reversal
867,drawer,reward,full_reversal
868,loop,pool,full_reversal
869,on,no,full_reversal
870,saw,was,full_reversal
871,god,dog,full_reversal
872,saw,was,full_reversal
873,pool,loop,full_reversal
874,setp,step,internal_reversal
875,pest,pets,internal_reversal
876,ptes,pets,internal_reversal
877,dog,god,full_reversal
878,saw,was,full_reversal
879,drawer,reward,full_reversal
880,reward,drawer,full_reversal
881,saw,was,full_reversal
882,darwer,drawer,internal_reversal
883,pets,step,full_reversal
884,no,on,full_reversal
885,god,dog,full_reversal
886,no,on,full_reversal
887,rewadr,reward,internal_reversal
888,ptes,pets,internal_reversal
889,pest,pets,internal_reversal
890,stpe,step,internal_reversal
891,polo,pool,internal_reversal
892,on,no,full_reversal
893,pets,step,full_reversal
894,reawrd,reward,internal_reversal
895,no,on,full_reversal
896,drawer,reward,full_reversal
897,saw,was,full_reversal
898,was,saw,full_reversal
899,step,pets,full_reversal
900,drawer,reward,full_reversal
901,on,no,full_reversal
902,reward,drawer,full_reversal
903,reward,drawer,full_reversal
904,reawrd,reward,internal_reversal
905,was,saw,full_reversal
906,pool,loop,full_reversal
907,drwaer,drawer,internal_reversal
908,pat,tap,full_reversal
909,drawer,reward,full_reversal
910,reward,drawer,full_reversal
911,dog,god,full_reversal
912,god,dog,full_reversal
913,drwaer,drawer,internal_reversal
914,god,dog,full_reversal
915,god,dog,full_reversal
916,loop,pool,full_reversal
917,pat,tap,full_reversal
918,on,no,full_reversal
919,pat,tap,full_reversal
920,on,no,full_reversal
921,tap,pat,full_reversal
922,polo,pool,internal_reversal
923,loop,pool,full_reversal
924,rewrad,reward,internal_reversal
925,was,saw,full_reversal
926,setp,step,internal_reversal
927,rewrad,reward,internal_reversal
928,pat,tap,full_reversal
929,stpe,step,internal_reversal
930,drawer,reward,full_reversal
931,pets,step,full_reversal
932,loop,pool,full_reversal
933,reward,drawer,full_reversal
934,tap,pat,full_reversal
935,on,no,full_reversal
936,drawer,reward,full_reversal
937,drwaer,drawer,internal_reversal
938,reward,drawer,full_reversal
939,on,no,full_reversal
940,drawre,drawer,internal_reversal
941,tap,pat,full_reversal
942,stpe,step,internal_reversal
943,pool,loop,full_reversal
944,on,no,full_reversal
945,god,dog,full_reversal
946,drawer,reward,full_reversal
947,darwer,drawer,internal_reversal
948,reward,drawer,full_reversal
949,lopo,loop,internal_reversal
950,reward,drawer,full_reversal
951,drawer,reward,full_reversal
952,ptes,pets,internal_reversal
953,polo,pool,internal_reversal
954,tap,pat,full_reversal
955,reward,drawer,full_reversal
956,was,saw,full_reversal
957,no,on,full_reversal
958,on,no,full_reversal
959,dog,god,full_reversal
960,polo,pool,internal_reversal
961,pool,loop,full_reversal
962,ptes,pets,internal_reversal
963,loop,pool,full_reversal
964,ptes,pets,internal_reversal
965,rewrad,reward,internal_reversal
966,pat,tap,full_reversal
967,step,pets,full_reversal
968,loop,pool,full_reversal
969,pool,loop,full_reversal
970,lopo,loop,internal_reversal
971,dog,god,full_reversal
972,step,pets,full_reversal
973,loop,pool,full_reversal
974,reward,drawer,full_reversal
975,setp,step,internal_reversal
976,on,no,full_reversal
977,dog,god,full_reversal
978,pest,pets,internal_reversal
979,was,saw,full_reversal
980,no,on,full_reversal
981,step,pets,full_reversal
982,stpe,step,internal_reversal
983,no,on,full_reversal
984,setp,step,internal_reversal
985,pest,pets,internal_reversal
986,pat,tap,full_reversal
987,dog,god,full_reversal
988,pool,loop,full_reversal
989,draewr,drawer,internal_reversal
990,saw,was,full_reversal
991,saw,was,full_reversal
992,pool,loop,full_reversal
993,pest,pets,internal_reversal
994,pets,step,full_reversal
995,ptes,pets,internal_reversal
996,on,no,full_reversal
997,setp,step,internal_reversal
998,loop,pool,full_reversal
999,pool,loop,full_reversal
1000,was,saw,full_reversal
1001,tap,pat,full_reversal
1002,on,no,full_reversal
1003,polo,pool,internal_reversal
1004,drawre,drawer,internal_reversal
1005,step,pets,full_reversal
1006,pool,loop,full_reversal
1007,was,saw,full_reversal
1008,was,saw,full_reversal
1009,drawer,reward,full_reversal
1010,loop,pool,full_reversal
1011,loop,pool,full_reversal
1012,was,saw,full_reversal
1013,pat,tap,full_reversal
1014,step,pets,full_reversal
1015,polo,pool,internal_reversal
1016,step,pets,full_reversal
1017,god,dog,full_reversal
1018,on,no,full_reversal
1019,reward,drawer,full_reversal
1020,pets,step,full_reversal
1021,drawer,reward,full_reversal
1022,pool,loop,full_reversal
1023,lopo,loop,internal_reversal
1024,lopo,loop,internal_reversal
1025,step,pets,full_reversal
1026,step,pets,full_reversal
1027,god,dog,full_reversal
1028,was,saw,full_reversal
1029,reawrd,reward,internal_reversal
1030,pool,loop,full_reversal
1031,tap,pat,full_reversal
1032,pets,step,full_reversal
1033,step,pets,full_reversal
1034,saw,was,full_reversal
1035,tap,pat,full_reversal
1036,setp,step,internal_reversal
1037,drawre,drawer,internal_reversal
1038,setp,step,internal_reversal
1039,reawrd,reward,internal_reversal
1040,pets,step,full_reversal
1041,was,saw,full_reversal
1042,loop,pool,full_reversal
1043,tap,pat,full_reversal
1044,polo,pool,internal_reversal
1045,pets,step,full_reversal
1046,reward,drawer,full_reversal
1047,was,saw,full_reversal
1048,pool,loop,full_reversal
1049,rewadr,reward,internal_reversal
1050,no,on,full_reversal
1051,darwer,drawer,internal_reversal
1052,pat,tap,full_reversal
1053,saw,was,full_reversal
1054,pat,tap,full_reversal
1055,draewr,drawer,internal_reversal
1056,rweard,reward,internal_reversal
1057,step,pets,full_reversal
1058,on,no,full_reversal
1059,god,dog,full_reversal
1060,step,pets,full_reversal
1061,ptes,pets,internal_reversal
1062,no,on,full_reversal
1063,draewr,drawer,internal_reversal
1064,drawer,reward,full_reversal
1065,stpe,step,internal_reversal
1066,lopo,loop,internal_reversal
1067,pest,pets,internal_reversal
1068,pets,step,full_reversal
1069,step,pets,full_reversal
1070,pat,tap,full_reversal
1071,god,dog,full_reversal
1072,reward,drawer,full_reversal
1073,pest,pets,internal_reversal
1074,tap,pat,full_reversal
1075,pat,tap,full_reversal
1076,god,dog,full_reversal
1077,god,dog,full_reversal
1078,on,no,full_reversal
1079,pool,loop,full_reversal
1080,step,pets,full_reversal
1081,step,pets,full_reversal
1082,step,pets,full_reversal
1083,rewrad,reward,internal_reversal
1084,pets,step,full_reversal
1085,lopo,loop,internal_reversal
1086,on,no,full_reversal
1087,saw,was,full_reversal
1088,on,no,full_reversal
1089,on,no,full_reversal
1090,god,dog,full_reversal
1091,rewadr,reward,internal_reversal
1092,ptes,pets,internal_reversal
1093,pool,loop,full_reversal
1094,pets,step,full_reversal
1095,on,no,full_reversal
1096,drawer,reward,full_reversal
1097,pest,pets,internal_reversal
1098,on,no,full_reversal
1099,step,pets,full_reversal
1100,drawer,reward,full_reversal
1101,pets,step,full_reversal
1102,stpe,step,internal_reversal
1103,was,saw,full_reversal
1104,pat,tap,full_reversal
1105,dog,god,full_reversal
1106,step,pets,full_reversal
1107,drawre,drawer,internal_reversal
1108,polo,pool,internal_reversal
1109,reward,drawer,full_reversal
1110,pat,tap,full_reversal
1111,rewrad,reward,internal_reversal
1112,drawer,reward,full_reversal
1113,step,pets,full_reversal
1114,pool,loop,full_reversal
1115,loop,pool,full_reversal
1116,was,saw,full_reversal
1117,drawer,reward,full_reversal
1118,dog,god,full_reversal
1119,god,dog,full_reversal
1120,no,on,full_reversal
1121,loop,pool,full_reversal
1122,ptes,pets,internal_reversal
1123,god,dog,full_reversal
1124,ptes,pets,internal_reversal
1125,ptes,pets,internal_reversal
1126,pat,tap,full_reversal
1127,pets,step,full_reversal
1128,dog,god,full_reversal
1129,pat,tap,full_reversal
1130,ptes,pets,internal_reversal
1131,on,no,full_reversal
1132,darwer,drawer,internal_reversal
1133,pool,loop,full_reversal
1134,was,saw,full_reversal
1135,drawre,drawer,internal_reversal
1136,draewr,drawer,internal_reversal
1137,lopo,loop,internal_reversal
1138,stpe,step,internal_reversal
1139,setp,step,internal_reversal
1140,rweard,reward,internal_reversal
1141,no,on,full_reversal
1142,god,dog,full_reversal
1143,loop,pool,full_reversal
1144,stpe,step,internal_reversal
1145,tap,pat,full_reversal
1146,rweard,reward,internal_reversal
1147,darwer,drawer,internal_reversal
1148,dog,god,full_reversal
1149,lopo,loop,internal_reversal
1150,draewr,drawer,internal_reversal
1151,god,dog,full_reversal
1152,stpe,step,internal_reversal
1153,stpe,step,internal_reversal
1154,pest,pets,internal_reversal
1155,setp,step,internal_reversal
1156,dog,god,full_reversal
1157,no,on,full_reversal
1158,reward,drawer,full_reversal
1159,god,dog,full_reversal
1160,pool,loop,full_reversal
1161,dog,god,full_reversal
1162,pat,tap,full_reversal
1163,polo,pool,internal_reversal
1164,god,dog,full_reversal
1165,step,pets,full_reversal
1166,no,on,full_reversal
1167,setp,step,internal_reversal
1168,ptes,pets,internal_reversal
1169,step,pets,full_reversal
1170,loop,pool,full_reversal
1171,was,saw,full_reversal
1172,reward,drawer,full_reversal
1173,polo,pool,internal_reversal
1174,was,saw,full_reversal
1175,god,dog,full_reversal
1176,on,no,full_reversal
1177,on,no,full_reversal
1178,reward,drawer,full_reversal
1179,stpe,step,internal_reversal
1180,setp,step,internal_reversal
1181,setp,step,internal_reversal
1182,stpe,step,internal_reversal
1183,loop,pool,full_reversal
1184,on,no,full_reversal
1185,setp,step,internal_reversal
1186,pool,loop,full_reversal
1187,pets,step,full_reversal
1188,pool,loop,full_reversal
1189,pets,step,full_reversal
1190,no,on,full_reversal
1191,no,on,full_reversal
1192,on,no,full_reversal
1193,stpe,step,internal_reversal
1194,loop,pool,full_reversal
1195,on,no,full_reversal
1196,drawre,drawer,internal_reversal
1197,stpe,step,internal_reversal
1198,no,on,full_reversal
1199,dog,god,full_reversal
1200,no,on,full_reversal
1201,rewadr,reward,internal_reversal
1202,drawer,reward,full_reversal
1203,loop,pool,full_reversal
1204,ptes,pets,internal_reversal
1205,pool,loop,full_reversal
1206,pat,tap,full_reversal
1207,was,saw,full_reversal
1208,ptes,pets,internal_reversal
1209,god,dog,full_reversal
1210,pets,step,full_reversal
1211,on,no,full_reversal
1212,darwer,drawer,internal_reversal
1213,draewr,drawer,internal_reversal
1214,tap,pat,full_reversal
1215,step,pets,full_reversal
1216,step,pets,full_reversal
1217,was,saw,full_reversal
1218,tap,pat,full_reversal
1219,pat,tap,full_reversal
1220,was,saw,full_reversal
1221,dog,god,full_reversal
1222,draewr,drawer,internal_reversal
1223,pool,loop,full_reversal
1224,rewrad,reward,internal_reversal
1225,lopo,loop,internal_reversal
1226,pets,step,full_reversal
1227,loop,pool,full_reversal
1228,on,no,full_reversal
1229,god,dog,full_reversal
1230,stpe,step,internal_reversal
1231,drawer,reward,full_reversal
1232,loop,pool,full_reversal
1233,was,saw,full_reversal
1234,god,dog,full_reversal
1235,tap,pat,full_reversal
1236,ptes,pets,internal_reversal
1237,no,on,full_reversal
1238,pat,tap,full_reversal
1239,tap,pat,full_reversal
1240,step,pets,full_reversal
1241,step,pets,full_reversal
1242,was,saw,full_reversal
1243,pets,step,full_reversal
1244,reawrd,reward,internal_reversal
1245,draewr,drawer,internal_reversal
1246,stpe,step,internal_reversal
1247,step,pets,full_reversal
1248,drawer,reward,full_reversal
1249,stpe,step,internal_reversal
1250,reawrd,reward,internal_reversal
1251,pets,step,full_reversal
1252,on,no,full_reversal
1253,step,pets,full_reversal
1254,loop,pool,full_reversal
1255,step,pets,full_reversal
1256,step,pets,full_reversal
1257,rweard,reward,internal_reversal
1258,on,no,full_reversal
1259,was,saw,full_reversal
1260,pool,loop,full_reversal
1261,dog,god,full_reversal
1262,dog,god,full_reversal
1263,pat,tap,full_reversal
1264,saw,was,full_reversal
1265,reward,drawer,full_reversal
1266,loop,pool,full_reversal
1267,ptes,pets,internal_reversal
1268,step,pets,full_reversal
1269,drawer,reward,full_reversal
1270,on,no,full_reversal
1271,no,on,full_reversal
1272,step,pets,full_reversal
1273,pool,loop,full_reversal
1274,setp,step,internal_reversal
1275,drawre,drawer,internal_reversal
1276,drawre,drawer,internal_reversal
1277,rweard,reward,internal_reversal
1278,pets,step,full_reversal
1279,reward,drawer,full_reversal
1280,setp,step,internal_reversal
1281,pool,loop,full_reversal
1282,drawer,reward,full_reversal
1283,was,saw,full_reversal
1284,darwer,drawer,internal_reversal
1285,pat,tap,full_reversal
1286,lopo,loop,internal_reversal
1287,tap,pat,full_reversal
1288,reward,drawer,full_reversal
1289,drawer,reward,full_reversal
1290,step,pets,full_reversal
1291,god,dog,full_reversal
1292,rweard,reward,internal_reversal
1293,dog,god,full_reversal
1294,pat,tap,full_reversal
1295,loop,pool,full_reversal
1296,god,dog,full_reversal
1297,darwer,drawer,internal_reversal
1298,reward,drawer,full_reversal
1299,tap,pat,full_reversal
1300,dog,god,full_reversal
1301,no,on,full_reversal
1302,loop,pool,full_reversal
1303,loop,pool,full_reversal
1304,pest,pets,internal_reversal
1305,saw,was,full_reversal
1306,step,pets,full_reversal
1307,god,dog,full_reversal
1308,step,pets,full_reversal
1309,pool,loop,full_reversal
1310,dog,god,full_reversal
1311,on,no,full_reversal
1312,no,on,full_reversal
1313,tap,pat,full_reversal
1314,saw,was,full_reversal
1315,pat,tap,full_reversal
1316,was,saw,full_reversal
1317,pets,step,full_reversal
1318,dog,god,full_reversal
1319,pool,loop,full_reversal
1320,dog,god,full_reversal
1321,ptes,pets,internal_reversal
1322,pets,step,full_reversal
1323,saw,was,full_reversal
1324,drwaer,drawer,internal_reversal
1325,was,saw,full_reversal
1326,saw,was,full_reversal
1327,was,saw,full_reversal
1328,pool,loop,full_reversal
1329,lopo,loop,internal_reversal
1330,on,no,full_reversal
1331,god,dog,full_reversal
1332,drwaer,drawer,internal_reversal
1333,on,no,full_reversal
1334,stpe,step,internal_reversal
1335,rewrad,reward,internal_reversal
1336,pool,loop,full_reversal
1337,rewrad,reward,internal_reversal
1338,saw,was,full_reversal
1339,tap,pat,full_reversal
1340,drawer,reward,full_reversal
1341,loop,pool,full_reversal
1342,no,on,full_reversal
1343,drawer,reward,full_reversal
1344,pool,loop,full_reversal
1345,was,saw,full_reversal
1346,tap,pat,full_reversal
1347,rweard,reward,internal_reversal
1348,dog,god,full_reversal
1349,polo,pool,internal_reversal
1350,no,on,full_reversal
1351,ptes,pets,internal_reversal
1352,drwaer,drawer,internal_reversal
1353,on,no,full_reversal
1354,loop,pool,full_reversal
1355,setp,step,internal_reversal
1356,drawer,reward,full_reversal
1357,pool,loop,full_reversal
1358,tap,pat,full_reversal
1359,ptes,pets,internal_reversal
1360,saw,was,full_reversal
1361,tap,pat,full_reversal
1362,lopo,loop,internal_reversal
1363,reward,drawer,full_reversal
1364,god,dog,full_reversal
1365,pest,pets,internal_reversal
1366,reward,drawer,full_reversal
1367,pool,loop,full_reversal
1368,tap,pat,full_reversal
1369,draewr,drawer,internal_reversal
1370,no,on,full_reversal
1371,reward,drawer,full_reversal
1372,loop,pool,full_reversal
1373,drwaer,drawer,internal_reversal
1374,tap,pat,full_reversal
1375,pets,step,full_reversal
1376,no,on,full_reversal
1377,drwaer,drawer,internal_reversal
1378,loop,pool,full_reversal
1379,drwaer,drawer,internal_reversal
1380,loop,pool,full_reversal
1381,drwaer,drawer,internal_reversal
1382,drawer,reward,full_reversal
1383,dog,god,full_reversal
1384,pat,tap,full_reversal
1385,pat,tap,full_reversal
1386,pat,tap,full_reversal
1387,reward,drawer,full_reversal
1388,polo,pool,internal_reversal
1389,saw,was,full_reversal
1390,loop,pool,full_reversal
1391,step,pets,full_reversal
1392,pool,loop,full_reversal
1393,dog,god,full_reversal
1394,god,dog,full_reversal
1395,was,saw,full_reversal
1396,saw,was,full_reversal
1397,darwer,drawer,internal_reversal
1398,rewrad,reward,internal_reversal
1399,tap,pat,full_reversal
1400,on,no,full_reversal
1401,tap,pat,full_reversal
1402,stpe,step,internal_reversal
1403,dog,god,full_reversal
1404,stpe,step,internal_reversal
1405,dog,god,full_reversal
1406,loop,pool,full_reversal
1407,setp,step,internal_reversal
1408,drawer,reward,full_reversal
1409,tap,pat,full_reversal
1410,on,no,full_reversal
1411,pool,loop,full_reversal
1412,reward,drawer,full_reversal
1413,pets,step,full_reversal
1414,setp,step,internal_reversal
1415,lopo,loop,internal_reversal
1416,drawer,reward,full_reversal
1417,polo,pool,internal_reversal
1418,tap,pat,full_reversal
1419,was,saw,full_reversal
1420,step,pets,full_reversal
1421,tap,pat,full_reversal
1422,ptes,pets,internal_reversal
1423,reward,drawer,full_reversal
1424,darwer,drawer,internal_reversal
1425,stpe,step,internal_reversal
1426,lopo,loop,internal_reversal
1427,loop,pool,full_reversal
1428,lopo,loop,internal_reversal
1429,on,no,full_reversal
1430,reward,drawer,full_reversal
1431,tap,pat,full_reversal
1432,pest,pets,internal_reversal
1433,ptes,pets,internal_reversal
1434,dog,god,full_reversal
1435,tap,pat,full_reversal
1436,saw,was,full_reversal
1437,was,saw,full_reversal
1438,setp,step,internal_reversal
1439,stpe,step,internal_reversal
1440,step,pets,full_reversal
1441,step,pets,full_reversal
1442,on,no,full_reversal
1443,tap,pat,full_reversal
1444,on,no,full_reversal
1445,ptes,pets,internal_reversal
1446,draewr,drawer,internal_reversal
1447,tap,pat,full_reversal
1448,was,saw,full_reversal
1449,saw,was,full_reversal
1450,loop,pool,full_reversal
1451,stpe,step,internal_reversal
1452,saw,was,full_reversal
1453,tap,pat,full_reversal
1454,on,no,full_reversal
1455,darwer,drawer,internal_reversal
1456,god,dog,full_reversal
1457,rweard,reward,internal_reversal
1458,reward,drawer,full_reversal
1459,tap,pat,full_reversal
1460,reawrd,reward,internal_reversal
1461,dog,god,full_reversal
1462,drawre,drawer,internal_reversal
1463,pool,loop,full_reversal
1464,pat,tap,full_reversal
1465,on,no,full_reversal
1466,dog,god,full_reversal
1467,god,dog,full_reversal
1468,loop,pool,full_reversal
1469,step,pets,full_reversal
1470,drawre,drawer,internal_reversal
1471,no,on,full_reversal
1472,pat,tap,full_reversal
1473,on,no,full_reversal
1474,drawer,reward,full_reversal
1475,loop,pool,full_reversal
1476,pat,tap,full_reversal
1477,tap,pat,full_reversal
1478,dog,god,full_reversal
1479,saw,was,full_reversal
1480,drawer,reward,full_reversal
1481,lopo,loop,internal_reversal
1482,rewrad,reward,internal_reversal
1483,drawer,reward,full_reversal
1484,tap,pat,full_reversal
1485,step,pets,full_reversal
1486,pest,pets,internal_reversal
1487,reward,drawer,full_reversal
1488,saw,was,full_reversal
1489,no,on,full_reversal
1490,tap,pat,full_reversal
1491,reward,drawer,full_reversal
1492,reawrd,reward,internal_reversal
1493,no,on,full_reversal
1494,setp,step,internal_reversal
1495,step,pets,full_reversal
1496,god,dog,full_reversal
1497,ptes,pets,internal_reversal
1498,stpe,step,internal_reversal
1499,ptes,pets,internal_reversal
1500,was,saw,full_reversal
1501,lopo,loop,internal_reversal
1502,ptes,pets,internal_reversal
1503,stpe,step,internal_reversal
1504,drawer,reward,full_reversal
1505,pool,loop,full_reversal
1506,step,pets,full_reversal
1507,no,on,full_reversal
1508,drwaer,drawer,internal_reversal
1509,stpe,step,internal_reversal
1510,reawrd,reward,internal_reversal
1511,reward,drawer,full_reversal
1512,was,saw,full_reversal
1513,draewr,drawer,internal_reversal
1514,pat,tap,full_reversal
1515,ptes,pets,internal_reversal
1516,pool,loop,full_reversal
1517,reward,drawer,full_reversal
1518,pets,step,full_reversal
1519,pat,tap,full_reversal
1520,on,no,full_reversal
1521,pets,step,full_reversal
1522,was,saw,full_reversal
1523,stpe,step,internal_reversal
1524,pat,tap,full_reversal
1525,pat,tap,full_reversal
1526,pest,pets,internal_reversal
1527,pets,step,full_reversal
1528,drawre,drawer,internal_reversal
1529,setp,step,internal_reversal
1530,reward,drawer,full_reversal
1531,tap,pat,full_reversal
1532,reward,drawer,full_reversal
1533,stpe,step,internal_reversal
1534,saw,was,full_reversal
1535,on,no,full_reversal
1536,setp,step,internal_reversal
1537,pets,step,full_reversal
1538,was,saw,full_reversal
1539,drawer,reward,full_reversal
1540,rewrad,reward,internal_reversal
1541,stpe,step,internal_reversal
1542,on,no,full_reversal
1543,was,saw,full_reversal
1544,ptes,pets,internal_reversal
1545,god,dog,full_reversal
1546,was,saw,full_reversal
1547,ptes,pets,internal_reversal
1548,drawer,reward,full_reversal
1549,no,on,full_reversal
1550,polo,pool,internal_reversal
1551,on,no,full_reversal
1552,saw,was,full_reversal
1553,reward,drawer,full_reversal
1554,pets,step,full_reversal
1555,pat,tap,full_reversal
1556,pets,step,full_reversal
1557,pest,pets,internal_reversal
1558,tap,pat,full_reversal
1559,dog,god,full_reversal
1560,dog,god,full_reversal
1561,rewrad,reward,internal_reversal
1562,draewr,drawer,internal_reversal
1563,dog,god,full_reversal
1564,rweard,reward,internal_reversal
1565,on,no,full_reversal
1566,dog,god,full_reversal
1567,setp,step,internal_reversal
1568,step,pets,full_reversal
1569,step,pets,full_reversal
1570,was,saw,full_reversal
1571,tap,pat,full_reversal
1572,step,pets,full_reversal
1573,pets,step,full_reversal
1574,saw,was,full_reversal
1575,polo,pool,internal_reversal
1576,pat,tap,full_reversal
1577,rweard,reward,internal_reversal
1578,tap,pat,full_reversal
1579,pets,step,full_reversal
1580,step,pets,full_reversal
1581,dog,god,full_reversal
1582,on,no,full_reversal
1583,dog,god,full_reversal
1584,tap,pat,full_reversal
1585,no,on,full_reversal
1586,pool,loop,full_reversal
1587,drawer,reward,full_reversal
1588,was,saw,full_reversal
1589,pool,loop,full_reversal
1590,loop,pool,full_reversal
1591,step,pets,full_reversal
1592,no,on,full_reversal
1593,ptes,pets,internal_reversal
1594,rewadr,reward,internal_reversal
1595,loop,pool,full_reversal
1596,on,no,full_reversal
1597,no,on,full_reversal
1598,pets,step,full_reversal
1599,step,pets,full_reversal
1600,pat,tap,full_reversal
1601,on,no,full_reversal
1602,pets,step,full_reversal
1603,reward,drawer,full_reversal
1604,reward,drawer,full_reversal
1605,tap,pat,full_reversal
1606,ptes,pets,internal_reversal
1607,saw,was,full_reversal
1608,on,no,full_reversal
1609,on,no,full_reversal
1610,rewrad,reward,internal_reversal
1611,rweard,reward,internal_reversal
1612,pat,tap,full_reversal
1613,reward,drawer,full_reversal
1614,saw,was,full_reversal
1615,tap,pat,full_reversal
1616,loop,pool,full_reversal
1617,setp,step,internal_reversal
1618,god,dog,full_reversal
1619,pat,tap,full_reversal
1620,god,dog,full_reversal
1621,reawrd,reward,internal_reversal
1622,stpe,step,internal_reversal
1623,tap,pat,full_reversal
1624,no,on,full_reversal
1625,step,pets,full_reversal
1626,pat,tap,full_reversal
1627,pest,pets,internal_reversal
1628,god,dog,full_reversal
1629,draewr,drawer,internal_reversal
1630,dog,god,full_reversal
1631,god,dog,full_reversal
1632,stpe,step,internal_reversal
1633,on,no,full_reversal
1634,step,pets,full_reversal
1635,polo,pool,internal_reversal
1636,pets,step,full_reversal
1637,drawer,reward,full_reversal
1638,reawrd,reward,internal_reversal
1639,dog,god,full_reversal
1640,stpe,step,internal_reversal
1641,no,on,full_reversal
1642,drawer,reward,full_reversal
1643,on,no,full_reversal
1644,stpe,step,internal_reversal
1645,god,dog,full_reversal
1646,step,pets,full_reversal
1647,dog,god,full_reversal
1648,drawer,reward,full_reversal
1649,rweard,reward,internal_reversal
1650,pat,tap,full_reversal
1651,draewr,drawer,internal_reversal
1652,drawer,reward,full_reversal
1653,saw,was,full_reversal
1654,pest,pets,internal_reversal
1655,on,no,full_reversal
1656,god,dog,full_reversal
1657,no,on,full_reversal
1658,reawrd,reward,internal_reversal
1659,pat,tap,full_reversal
1660,pest,pets,internal_reversal
1661,on,no,full_reversal
1662,rewrad,reward,internal_reversal
1663,loop,pool,full_reversal
1664,step,pets,full_reversal
1665,stpe,step,internal_reversal
1666,drawer,reward,full_reversal
1667,on,no,full_reversal
1668,loop,pool,full_reversal
1669,on,no,full_reversal
1670,drawer,reward,full_reversal
1671,tap,pat,full_reversal
1672,pets,step,full_reversal
1673,no,on,full_reversal
1674,god,dog,full_reversal
1675,drawre,drawer,internal_reversal
1676,pool,loop,full_reversal
1677,pets,step,full_reversal
1678,loop,pool,full_reversal
1679,step,pets,full_reversal
1680,god,dog,full_reversal
1681,pat,tap,full_reversal
1682,rewrad,reward,internal_reversal
1683,god,dog,full_reversal
1684,rweard,reward,internal_reversal
1685,dog,god,full_reversal
1686,pets,step,full_reversal
1687,drawer,reward,full_reversal
1688,setp,step,internal_reversal
1689,no,on,full_reversal
1690,lopo,loop,internal_reversal
1691,was,saw,full_reversal
1692,no,on,full_reversal
1693,was,saw,full_reversal
1694,pool,loop,full_reversal
1695,was,saw,full_reversal
1696,pool,loop,full_reversal
1697,god,dog,full_reversal
1698,setp,step,internal_reversal
1699,god,dog,full_reversal
1700,pat,tap,full_reversal
1701,on,no,full_reversal
1702,polo,pool,internal_reversal
1703,drawer,reward,full_reversal
1704,saw,was,full_reversal
1705,pest,pets,internal_reversal
1706,draewr,drawer,internal_reversal
1707,reward,drawer,full_reversal
1708,drawer,reward,full_reversal
1709,pat,tap,full_reversal
1710,on,no,full_reversal
1711,drawer,reward,full_reversal
1712,step,pets,full_reversal
1713,saw,was,full_reversal
1714,on,no,full_reversal
1715,god,dog,full_reversal
1716,lopo,loop,internal_reversal
1717,tap,pat,full_reversal
1718,pat,tap,full_reversal
1719,drawer,reward,full_reversal
1720,tap,pat,full_reversal
1721,tap,pat,full_reversal
1722,ptes,pets,internal_reversal
1723,reward,drawer,full_reversal
1724,reward,drawer,full_reversal
1725,pat,tap,full_reversal
1726,was,saw,full_reversal
1727,dog,god,full_reversal
1728,god,dog,full_reversal
1729,step,pets,full_reversal
1730,was,saw,full_reversal
1731,pat,tap,full_reversal
1732,reward,drawer,full_reversal
1733,darwer,drawer,internal_reversal
1734,pets,step,full_reversal
1735,saw,was,full_reversal
1736,draewr,drawer,internal_reversal
1737,god,dog,full_reversal
1738,no,on,full_reversal
1739,pool,loop,full_reversal
1740,ptes,pets,internal_reversal
1741,dog,god,full_reversal
1742,reward,drawer,full_reversal
1743,ptes,pets,internal_reversal
1744,tap,pat,full_reversal
1745,polo,pool,internal_reversal
1746,loop,pool,full_reversal
1747,rweard,reward,internal_reversal
1748,saw,was,full_reversal
1749,god,dog,full_reversal
1750,drawre,drawer,internal_reversal
1751,god,dog,full_reversal
1752,pets,step,full_reversal
1753,no,on,full_reversal
1754,step,pets,full_reversal
1755,setp,step,internal_reversal
1756,saw,was,full_reversal
1757,loop,pool,full_reversal
1758,darwer,drawer,internal_reversal
1759,setp,step,internal_reversal
1760,on,no,full_reversal
1761,pets,step,full_reversal
1762,dog,god,full_reversal
1763,pat,tap,full_reversal
1764,dog,god,full_reversal
1765,no,on,full_reversal
1766,no,on,full_reversal
1767,pat,tap,full_reversal
1768,saw,was,full_reversal
1769,dog,god,full_reversal
1770,lopo,loop,internal_reversal
1771,rweard,reward,internal_reversal
1772,pat,tap,full_reversal
1773,pool,loop,full_reversal
1774,rewadr,reward,internal_reversal
1775,drawer,reward,full_reversal
1776,was,saw,full_reversal
1777,no,on,full_reversal
1778,polo,pool,internal_reversal
1779,stpe,step,internal_reversal
1780,step,pets,full_reversal
1781,loop,pool,full_reversal
1782,pool,loop,full_reversal
1783,darwer,drawer,internal_reversal
1784,was,saw,full_reversal
1785,god,dog,full_reversal
1786,was,saw,full_reversal
1787,step,pets,full_reversal
1788,dog,god,full_reversal
1789,drwaer,drawer,internal_reversal
1790,pool,loop,full_reversal
1791,saw,was,full_reversal
1792,god,dog,full_reversal
1793,tap,pat,full_reversal
1794,tap,pat,full_reversal
1795,pool,loop,full_reversal
1796,on,no,full_reversal
1797,was,saw,full_reversal
1798,reward,drawer,full_reversal
1799,no,on,full_reversal
1800,pets,step,full_reversal
1801,saw,was,full_reversal
1802,stpe,step,internal_reversal
1803,pets,step,full_reversal
1804,pets,step,full_reversal
1805,god,dog,full_reversal
1806,drawer,reward,full_reversal
1807,pest,pets,internal_reversal
1808,tap,pat,full_reversal
1809,drawre,drawer,internal_reversal
1810,dog,god,full_reversal
1811,reawrd,reward,internal_reversal
1812,drawer,reward,full_reversal
1813,god,dog,full_reversal
1814,dog,god,full_reversal
1815,on,no,full_reversal
1816,setp,step,internal_reversal
1817,was,saw,full_reversal
1818,god,dog,full_reversal
1819,saw,was,full_reversal
1820,was,saw,full_reversal
1821,step,pets,full_reversal
1822,pest,pets,internal_reversal
1823,pets,step,full_reversal
1824,polo,pool,internal_reversal
1825,step,pets,full_reversal
1826,loop,pool,full_reversal
1827,setp,step,internal_reversal
1828,lopo,loop,internal_reversal
1829,saw,was,full_reversal
1830,loop,pool,full_reversal
1831,polo,pool,internal_reversal
1832,drwaer,drawer,internal_reversal
1833,tap,pat,full_reversal
1834,god,dog,full_reversal
1835,pets,step,full_reversal
1836,lopo,loop,internal_reversal
1837,dog,god,full_reversal
1838,ptes,pets,internal_reversal
1839,saw,was,full_reversal
1840,pat,tap,full_reversal
1841,reward,drawer,full_reversal
1842,no,on,full_reversal
1843,loop,pool,full_reversal
1844,pool,loop,full_reversal
1845,dog,god,full_reversal
1846,setp,step,internal_reversal
1847,tap,pat,full_reversal
1848,polo,pool,internal_reversal
1849,god,dog,full_reversal
1850,no,on,full_reversal
1851,loop,pool,full_reversal
1852,reward,drawer,full_reversal
1853,pest,pets,internal_reversal
1854,pool,loop,full_reversal
1855,tap,pat,full_reversal
1856,draewr,drawer,internal_reversal
1857,saw,was,full_reversal
1858,on,no,full_reversal
1859,setp,step,internal_reversal
1860,saw,was,full_reversal
1861,saw,was,full_reversal
1862,loop,pool,full_reversal
1863,saw,was,full_reversal
1864,drawer,reward,full_reversal
1865,no,on,full_reversal
1866,reawrd,reward,internal_reversal
1867,on,no,full_reversal
1868,draewr,drawer,internal_reversal
1869,pool,loop,full_reversal
1870,loop,pool,full_reversal
1871,tap,pat,full_reversal
1872,tap,pat,full_reversal
1873,pat,tap,full_reversal
1874,loop,pool,full_reversal
1875,god,dog,full_reversal
1876,drawre,drawer,internal_reversal
1877,loop,pool,full_reversal
1878,setp,step,internal_reversal
1879,reward,drawer,full_reversal
1880,pets,step,full_reversal
1881,setp,step,internal_reversal
1882,no,on,full_reversal
1883,ptes,pets,internal_reversal
1884,drawer,reward,full_reversal
1885,stpe,step,internal_reversal
1886,rweard,reward,internal_reversal
1887,setp,step,internal_reversal
1888,god,dog,full_reversal
1889,pets,step,full_reversal
1890,tap,pat,full_reversal
1891,pat,tap,full_reversal
1892,pets,step,full_reversal
1893,saw,was,full_reversal
1894,on,no,full_reversal
1895,tap,pat,full_reversal
1896,tap,pat,full_reversal
1897,tap,pat,full_reversal
1898,pat,tap,full_reversal
1899,drawer,reward,full_reversal
1900,on,no,full_reversal
1901,was,saw,full_reversal
1902,pool,loop,full_reversal
1903,loop,pool,full_reversal
1904,loop,pool,full_reversal
1905,drawer,reward,full_reversal
1906,saw,was,full_reversal
1907,drwaer,drawer,internal_reversal
1908,drawer,reward,full_reversal
1909,pest,pets,internal_reversal
1910,pest,pets,internal_reversal
1911,drawer,reward,full_reversal
1912,reward,drawer,full_reversal
1913,pat,tap,full_reversal
1914,lopo,loop,internal_reversal
1915,no,on,full_reversal
1916,dog,god,full_reversal
1917,drwaer,drawer,internal_reversal
1918,rweard,reward,internal_reversal
1919,stpe,step,internal_reversal
1920,tap,pat,full_reversal
1921,tap,pat,full_reversal
1922,saw,was,full_reversal
1923,reawrd,reward,internal_reversal
1924,darwer,drawer,internal_reversal
1925,drawer,reward,full_reversal
1926,pat,tap,full_reversal
1927,god,dog,full_reversal
1928,pool,loop,full_reversal
1929,pat,tap,full_reversal
1930,reward,drawer,full_reversal
1931,drawer,reward,full_reversal
1932,pest,pets,internal_reversal
1933,stpe,step,internal_reversal
1934,pool,loop,full_reversal
1935,no,on,full_reversal
1936,pets,step,full_reversal
1937,no,on,full_reversal
1938,was,saw,full_reversal
1939,setp,step,internal_reversal
1940,reward,drawer,full_reversal
1941,reward,drawer,full_reversal
1942,loop,pool,full_reversal
1943,lopo,loop,internal_reversal
1944,pool,loop,full_reversal
1945,saw,was,full_reversal
1946,darwer,drawer,internal_reversal
1947,no,on,full_reversal
1948,stpe,step,internal_reversal
1949,reward,drawer,full_reversal
1950,no,on,full_reversal
1951,step,pets,full_reversal
1952,no,on,full_reversal
1953,pat,tap,full_reversal
1954,on,no,full_reversal
1955,drawre,drawer,internal_reversal
1956,stpe,step,internal_reversal
1957,god,dog,full_reversal
1958,stpe,step,internal_reversal
1959,pool,loop,full_reversal
1960,no,on,full_reversal
1961,on,no,full_reversal
1962,drawer,reward,full_reversal
1963,step,pets,full_reversal
1964,pat,tap,full_reversal
1965,pets,step,full_reversal
1966,saw,was,full_reversal
1967,pool,loop,full_reversal
1968,no,on,full_reversal
1969,reward,drawer,full_reversal
1970,dog,god,full_reversal
1971,pat,tap,full_reversal
1972,tap,pat,full_reversal
1973,reawrd,reward,internal_reversal
1974,draewr,drawer,internal_reversal
1975,dog,god,full_reversal
1976,polo,pool,internal_reversal
1977,reward,drawer,full_reversal
1978,was,saw,full_reversal
1979,setp,step,internal_reversal
1980,drawre,drawer,internal_reversal
1981,god,dog,full_reversal
1982,dog,god,full_reversal
1983,step,pets,full_reversal
1984,reward,drawer,full_reversal
1985,was,saw,full_reversal
1986,was,saw,full_reversal
1987,step,pets,full_reversal
1988,pat,tap,full_reversal
1989,on,no,full_reversal
1990,dog,god,full_reversal
1991,drawer,reward,full_reversal
1992,saw,was,full_reversal
1993,pets,step,full_reversal
1994,no,on,full_reversal
1995,pat,tap,full_reversal
1996,pest,pets,internal_reversal
1997,drwaer,drawer,internal_reversal
1998,pat,tap,full_reversal
1999,setp,step,internal_reversal
2000,drwaer,drawer,internal_reversal
