incorrect,correct
thier,their
wich,which
definately,definitely
definately,definitely
wierd,weird
recieve,receive
seperate,separate
definately,definitely
acomodate,accommodate
recieve,receive
enviroment,environment
thier,their
becuase,because
seperate,separate
enviroment,environment
enviroment,environment
wierd,weird
recieve,receive
enviroment,environment
acomodate,accommodate
recieve,receive
definately,definitely
definately,definitely
becuase,because
thier,their
becuase,because
wierd,weird
hte,the
seperate,separate
seperate,separate
seperate,separate
definately,definitely
becuase,because
thier,their
recieve,receive
definately,definitely
wierd,weird
definately,definitely
recieve,receive
definately,definitely
wich,which
wierd,weird
recieve,receive
enviroment,environment
hte,the
wich,which
wich,which
becuase,because
thier,their
acomodate,accommodate
hte,the
thier,their
definately,definitely
becuase,because
acomodate,accommodate
acomodate,accommodate
acomodate,accommodate
seperate,separate
enviroment,environment
hte,the
acomodate,accommodate
seperate,separate
seperate,separate
enviroment,environment
wierd,weird
wich,which
definately,definitely
wierd,weird
recieve,receive
recieve,receive
hte,the
acomodate,accommodate
seperate,separate
wich,which
thier,their
definately,definitely
recieve,receive
hte,the
definately,definitely
wierd,weird
hte,the
seperate,separate
seperate,separate
seperate,separate
becuase,because
wich,which
thier,their
wich,which
enviroment,environment
wierd,weird
wich,which
enviroment,environment
enviroment,environment
becuase,because
wich,which
acomodate,accommodate
wich,which
acomodate,accommodate
thier,their
definately,definitely
seperate,separate
thier,their
wierd,weird
recieve,receive
enviroment,environment
acomodate,accommodate
wich,which
becuase,because
becuase,because
becuase,because
becuase,because
acomodate,accommodate
definately,definitely
enviroment,environment
hte,the
enviroment,environment
seperate,separate
definately,definitely
hte,the
becuase,because
