word,syllables,count
beautiful,beau-ti-ful,3
important,im-por-tant,3
elephant,el-e-phant,3
important,im-por-tant,3
computer,com-pu-ter,3
remember,re-mem-ber,3
computer,com-pu-ter,3
family,fam-i-ly,3
computer,com-pu-ter,3
family,fam-i-ly,3
banana,ba-na-na,3
computer,com-pu-ter,3
remember,re-mem-ber,3
remember,re-mem-ber,3
beautiful,beau-ti-ful,3
important,im-por-tant,3
elephant,el-e-phant,3
beautiful,beau-ti-ful,3
banana,ba-na-na,3
beautiful,beau-ti-ful,3
banana,ba-na-na,3
remember,re-mem-ber,3
family,fam-i-ly,3
remember,re-mem-ber,3
banana,ba-na-na,3
remember,re-mem-ber,3
elephant,el-e-phant,3
remember,re-mem-ber,3
education,ed-u-ca-tion,4
family,fam-i-ly,3
remember,re-mem-ber,3
important,im-por-tant,3
family,fam-i-ly,3
education,ed-u-ca-tion,4
computer,com-pu-ter,3
family,fam-i-ly,3
computer,com-pu-ter,3
computer,com-pu-ter,3
banana,ba-na-na,3
education,ed-u-ca-tion,4
family,fam-i-ly,3
family,fam-i-ly,3
banana,ba-na-na,3
computer,com-pu-ter,3
elephant,el-e-phant,3
elephant,el-e-phant,3
computer,com-pu-ter,3
banana,ba-na-na,3
banana,ba-na-na,3
remember,re-mem-ber,3
family,fam-i-ly,3
elephant,el-e-phant,3
family,fam-i-ly,3
computer,com-pu-ter,3
remember,re-mem-ber,3
remember,re-mem-ber,3
remember,re-mem-ber,3
education,ed-u-ca-tion,4
remember,re-mem-ber,3
elephant,el-e-phant,3
computer,com-pu-ter,3
family,fam-i-ly,3
family,fam-i-ly,3
beautiful,beau-ti-ful,3
computer,com-pu-ter,3
education,ed-u-ca-tion,4
banana,ba-na-na,3
education,ed-u-ca-tion,4
elephant,el-e-phant,3
computer,com-pu-ter,3
computer,com-pu-ter,3
remember,re-mem-ber,3
remember,re-mem-ber,3
beautiful,beau-ti-ful,3
elephant,el-e-phant,3
education,ed-u-ca-tion,4
education,ed-u-ca-tion,4
elephant,el-e-phant,3
computer,com-pu-ter,3
elephant,el-e-phant,3
family,fam-i-ly,3
beautiful,beau-ti-ful,3
family,fam-i-ly,3
family,fam-i-ly,3
remember,re-mem-ber,3
computer,com-pu-ter,3
banana,ba-na-na,3
important,im-por-tant,3
important,im-por-tant,3
beautiful,beau-ti-ful,3
family,fam-i-ly,3
education,ed-u-ca-tion,4
banana,ba-na-na,3
important,im-por-tant,3
elephant,el-e-phant,3
beautiful,beau-ti-ful,3
elephant,el-e-phant,3
banana,ba-na-na,3
banana,ba-na-na,3
banana,ba-na-na,3
computer,com-pu-ter,3
family,fam-i-ly,3
banana,ba-na-na,3
education,ed-u-ca-tion,4
banana,ba-na-na,3
remember,re-mem-ber,3
computer,com-pu-ter,3
education,ed-u-ca-tion,4
banana,ba-na-na,3
education,ed-u-ca-tion,4
banana,ba-na-na,3
remember,re-mem-ber,3
beautiful,beau-ti-ful,3
elephant,el-e-phant,3
remember,re-mem-ber,3
important,im-por-tant,3
family,fam-i-ly,3
beautiful,beau-ti-ful,3
important,im-por-tant,3
education,ed-u-ca-tion,4
