id,misspelled_word,correct_word,error_category
1,studxent,student,extra_letter
2,bceause,because,keyboard_error
3,knowlege,knowledge,missing_letter
4,edfinitely,definitely,keyboard_error
5,accessibiity,accessibility,missing_letter
6,lesarning,learning,extra_letter
7,educashun,education,phonetic_error
8,definitey,definitely,missing_letter
9,compuer,computer,missing_letter
10,beauatiful,beautiful,extra_letter
11,enviroynment,environment,extra_letter
12,tekhnology,technology,phonetic_error
13,bekause,because,phonetic_error
14,technologby,technology,extra_letter
15,definitly,definitely,missing_letter
16,bekause,because,phonetic_error
17,accessibiltiy,accessibility,keyboard_error
18,nkowledge,knowledge,keyboard_error
19,envirnoment,environment,keyboard_error
20,practiec,practice,keyboard_error
21,understandin,understanding,missing_letter
22,stduent,student,keyboard_error
23,understandin,understanding,missing_letter
24,earning,learning,missing_letter
25,beautiflu,beautiful,keyboard_error
26,knogwledge,knowledge,extra_letter
27,environemnt,environment,keyboard_error
28,accessibiliy,accessibility,missing_letter
29,eucation,education,missing_letter
30,edaucation,education,extra_letter
31,computre,computer,keyboard_error
32,bceause,because,keyboard_error
33,knowldege,knowledge,keyboard_error
34,accessiility,accessibility,missing_letter
35,anguage,language,missing_letter
36,understading,understanding,missing_letter
37,pracwtice,practice,extra_letter
38,educatio,education,missing_letter
39,eduaction,education,keyboard_error
40,techonlogy,technology,keyboard_error
41,learnign,learning,keyboard_error
42,understaning,understanding,missing_letter
43,irmportant,important,extra_letter
44,unhderstanding,understanding,extra_letter
45,definiitely,definitely,extra_letter
46,bcause,because,missing_letter
47,becaeuse,because,extra_letter
48,compter,computer,missing_letter
49,becuase,because,keyboard_error
50,langage,language,missing_letter
51,technoolgy,technology,keyboard_error
52,educashun,education,phonetic_error
53,knowledg,knowledge,missing_letter
54,learningb,learning,extra_letter
55,tchnology,technology,missing_letter
56,leanring,learning,keyboard_error
57,definiely,definitely,missing_letter
58,sytudent,student,extra_letter
59,environmejnt,environment,extra_letter
60,technolog,technology,missing_letter
61,learnnig,learning,keyboard_error
62,understandsing,understanding,extra_letter
63,environmen,environment,missing_letter
64,accessibilty,accessibility,missing_letter
65,bekause,because,phonetic_error
66,praktike,practice,phonetic_error
67,becasue,because,keyboard_error
68,technoolgy,technology,keyboard_error
69,tecshnology,technology,extra_letter
70,ractice,practice,missing_letter
71,knoweldge,knowledge,keyboard_error
72,accessibwility,accessibility,extra_letter
73,tekhnology,technology,phonetic_error
74,understandying,understanding,extra_letter
75,nkowledge,knowledge,keyboard_error
76,knowlefdge,knowledge,extra_letter
77,knoweldge,knowledge,keyboard_error
78,edcuation,education,keyboard_error
79,becacuse,because,extra_letter
80,pracice,practice,missing_letter
81,bercause,because,extra_letter
82,understandicng,understanding,extra_letter
83,nuderstanding,understanding,keyboard_error
84,educashun,education,phonetic_error
85,komputer,computer,phonetic_error
86,stludent,student,extra_letter
87,accesisbility,accessibility,keyboard_error
88,importantg,important,extra_letter
89,larning,learning,missing_letter
90,becuase,because,keyboard_error
91,undercstanding,understanding,extra_letter
92,bekause,because,phonetic_error
93,accessibliity,accessibility,keyboard_error
94,pratcice,practice,keyboard_error
95,enivronment,environment,keyboard_error
96,studnt,student,missing_letter
97,practisce,practice,extra_letter
98,comwputer,computer,extra_letter
99,environmen,environment,missing_letter
100,accessibilitiy,accessibility,extra_letter
101,definitelyb,definitely,extra_letter
102,miportant,important,keyboard_error
103,stuednt,student,keyboard_error
104,tekhnology,technology,phonetic_error
105,bautiful,beautiful,missing_letter
106,knwledge,knowledge,missing_letter
107,languaeg,language,keyboard_error
108,technologby,technology,extra_letter
109,becaues,because,keyboard_error
110,beatuiful,beautiful,keyboard_error
111,languaged,language,extra_letter
112,computr,computer,missing_letter
113,understnding,understanding,missing_letter
114,anguage,language,missing_letter
115,nkowledge,knowledge,keyboard_error
116,ducation,education,missing_letter
117,stdent,student,missing_letter
118,bemautiful,beautiful,extra_letter
119,definitelyh,definitely,extra_letter
120,defintely,definitely,missing_letter
121,accessibiliety,accessibility,extra_letter
122,compuetr,computer,keyboard_error
123,stdent,student,missing_letter
124,beautifl,beautiful,missing_letter
125,techonlogy,technology,keyboard_error
126,bautiful,beautiful,missing_letter
127,practiec,practice,keyboard_error
128,eduction,education,missing_letter
129,alnguage,language,keyboard_error
130,undersanding,understanding,missing_letter
131,tsudent,student,keyboard_error
132,bekause,because,phonetic_error
133,knolwedge,knowledge,keyboard_error
134,imposrtant,important,extra_letter
135,knowledgoe,knowledge,extra_letter
136,studnet,student,keyboard_error
137,defiintely,definitely,keyboard_error
138,bekcause,because,extra_letter
139,pratcice,practice,keyboard_error
140,beauktiful,beautiful,extra_letter
141,importanzt,important,extra_letter
142,practtice,practice,extra_letter
143,akkessibility,accessibility,phonetic_error
144,technoloyg,technology,keyboard_error
145,langugae,language,keyboard_error
146,acecssibility,accessibility,keyboard_error
147,ducation,education,missing_letter
148,sutdent,student,keyboard_error
149,caomputer,computer,extra_letter
150,imuportant,important,extra_letter
151,tekhnology,technology,phonetic_error
152,learninga,learning,extra_letter
153,languag,language,missing_letter
154,importanwt,important,extra_letter
155,underfstanding,understanding,extra_letter
156,importanlt,important,extra_letter
157,enironment,environment,missing_letter
158,educatoin,education,keyboard_error
159,educashun,education,phonetic_error
160,practic,practice,missing_letter
161,becaucse,because,extra_letter
162,accesisbility,accessibility,keyboard_error
163,knowlegde,knowledge,keyboard_error
164,evnironment,environment,keyboard_error
165,tecnology,technology,missing_letter
166,elarning,learning,keyboard_error
167,tecnology,technology,missing_letter
168,impotant,important,missing_letter
169,defniitely,definitely,keyboard_error
170,knowlegde,knowledge,keyboard_error
171,becuase,because,keyboard_error
172,ocmputer,computer,keyboard_error
173,knowldege,knowledge,keyboard_error
174,technolog,technology,missing_letter
175,edcation,education,missing_letter
176,knowledg,knowledge,missing_letter
177,computr,computer,missing_letter
178,beaputiful,beautiful,extra_letter
179,akkessibility,accessibility,phonetic_error
180,definitley,definitely,keyboard_error
181,beautiflu,beautiful,keyboard_error
182,computr,computer,missing_letter
183,knozwledge,knowledge,extra_letter
184,studenht,student,extra_letter
185,imporatnt,important,keyboard_error
186,bekause,because,phonetic_error
187,importnat,important,keyboard_error
188,akkessibility,accessibility,phonetic_error
189,practce,practice,missing_letter
190,deinitely,definitely,missing_letter
191,importatn,important,keyboard_error
192,leanring,learning,keyboard_error
193,accessibiflity,accessibility,extra_letter
194,knowledeg,knowledge,keyboard_error
195,beautifulf,beautiful,extra_letter
196,understnading,understanding,keyboard_error
197,learinng,learning,keyboard_error
198,tecnhology,technology,keyboard_error
199,comqputer,computer,extra_letter
200,accesibility,accessibility,missing_letter
201,defxinitely,definitely,extra_letter
202,envirnment,environment,missing_letter
203,iportant,important,missing_letter
204,educatoin,education,keyboard_error
205,undqerstanding,understanding,extra_letter
206,tekhnology,technology,phonetic_error
207,eductaion,education,keyboard_error
208,ilearning,learning,extra_letter
209,learnxing,learning,extra_letter
210,technlogy,technology,missing_letter
211,bzecause,because,extra_letter
212,wpractice,practice,extra_letter
213,beatiful,beautiful,missing_letter
214,praktike,practice,phonetic_error
215,technolog,technology,missing_letter
216,bekause,because,phonetic_error
217,praktike,practice,phonetic_error
218,importpant,important,extra_letter
219,environmen,environment,missing_letter
220,akkessibility,accessibility,phonetic_error
221,understandging,understanding,extra_letter
222,beautiul,beautiful,missing_letter
223,impotrant,important,keyboard_error
224,uderstanding,understanding,missing_letter
225,bekause,because,phonetic_error
226,accessibqility,accessibility,extra_letter
227,etchnology,technology,keyboard_error
228,improtant,important,keyboard_error
229,komputer,computer,phonetic_error
230,praktike,practice,phonetic_error
231,ecause,because,missing_letter
232,blecause,because,extra_letter
233,beautifu,beautiful,missing_letter
234,beatiful,beautiful,missing_letter
235,knwoledge,knowledge,keyboard_error
236,understandingr,understanding,extra_letter
237,practicpe,practice,extra_letter
238,praktike,practice,phonetic_error
239,praktike,practice,phonetic_error
240,accessibiliyt,accessibility,keyboard_error
241,studen,student,missing_letter
242,compute,computer,missing_letter
243,cmputer,computer,missing_letter
244,lcanguage,language,extra_letter
245,understading,understanding,missing_letter
246,mportant,important,missing_letter
247,ystudent,student,extra_letter
248,laenguage,language,extra_letter
249,tecnhology,technology,keyboard_error
250,environmenqt,environment,extra_letter
251,languge,language,missing_letter
252,becauose,because,extra_letter
253,definitelyp,definitely,extra_letter
254,comptuer,computer,keyboard_error
255,environmenqt,environment,extra_letter
256,compter,computer,missing_letter
257,nuderstanding,understanding,keyboard_error
258,environmentb,environment,extra_letter
259,educaiton,education,keyboard_error
260,ipmortant,important,keyboard_error
261,educxation,education,extra_letter
262,praktike,practice,phonetic_error
263,educatin,education,missing_letter
264,dcomputer,computer,extra_letter
265,technloogy,technology,keyboard_error
266,accessibiliyt,accessibility,keyboard_error
267,lerning,learning,missing_letter
268,acessibility,accessibility,missing_letter
269,stuent,student,missing_letter
270,accessibilityn,accessibility,extra_letter
271,definiteyl,definitely,keyboard_error
272,learningn,learning,extra_letter
273,definitxely,definitely,extra_letter
274,dfeinitely,definitely,keyboard_error
275,computher,computer,extra_letter
276,pbecause,because,extra_letter
277,languag,language,missing_letter
278,leqarning,learning,extra_letter
279,tcehnology,technology,keyboard_error
280,acessibility,accessibility,missing_letter
281,beauitful,beautiful,keyboard_error
282,educatiton,education,extra_letter
283,accessibiltiy,accessibility,keyboard_error
284,understandin,understanding,missing_letter
285,languge,language,missing_letter
286,beautifl,beautiful,missing_letter
287,sudent,student,missing_letter
288,beuatiful,beautiful,keyboard_error
289,tekhnology,technology,phonetic_error
290,accessibiliy,accessibility,missing_letter
291,stdent,student,missing_letter
292,becase,because,missing_letter
293,prctice,practice,missing_letter
294,becuse,because,missing_letter
295,beause,because,missing_letter
296,ncomputer,computer,extra_letter
297,educashun,education,phonetic_error
298,tcehnology,technology,keyboard_error
299,tsudent,student,keyboard_error
300,laerning,learning,keyboard_error
301,akkessibility,accessibility,phonetic_error
302,defintiely,definitely,keyboard_error
303,imoprtant,important,keyboard_error
304,beautifu,beautiful,missing_letter
305,educationi,education,extra_letter
306,ractice,practice,missing_letter
307,importnat,important,keyboard_error
308,understandig,understanding,missing_letter
309,knoweldge,knowledge,keyboard_error
310,ebautiful,beautiful,keyboard_error
311,mbecause,because,extra_letter
312,learnaing,learning,extra_letter
313,komputer,computer,phonetic_error
314,importwant,important,extra_letter
315,practcie,practice,keyboard_error
316,practcie,practice,keyboard_error
317,knwoledge,knowledge,keyboard_error
318,tcehnology,technology,keyboard_error
319,komputer,computer,phonetic_error
320,ebcause,because,keyboard_error
321,impotant,important,missing_letter
322,knowledgce,knowledge,extra_letter
323,computr,computer,missing_letter
324,enviroment,environment,missing_letter
325,beauiful,beautiful,missing_letter
326,evnironment,environment,keyboard_error
327,sudent,student,missing_letter
328,bcause,because,missing_letter
329,understanidng,understanding,keyboard_error
330,bekause,because,phonetic_error
331,practicse,practice,extra_letter
332,cmputer,computer,missing_letter
333,educashun,education,phonetic_error
334,tcehnology,technology,keyboard_error
335,learbning,learning,extra_letter
336,knowledeg,knowledge,keyboard_error
337,xpractice,practice,extra_letter
338,defiintely,definitely,keyboard_error
339,imporetant,important,extra_letter
340,educaton,education,missing_letter
341,compuetr,computer,keyboard_error
342,beuatiful,beautiful,keyboard_error
343,prctice,practice,missing_letter
344,stuent,student,missing_letter
345,enmvironment,environment,extra_letter
346,educatino,education,keyboard_error
347,definitelyp,definitely,extra_letter
348,improtant,important,keyboard_error
349,educatin,education,missing_letter
350,echnology,technology,missing_letter
351,learningu,learning,extra_letter
352,tekhnology,technology,phonetic_error
353,beatuiful,beautiful,keyboard_error
354,languagek,language,extra_letter
355,understandnig,understanding,keyboard_error
356,dfeinitely,definitely,keyboard_error
357,beacuse,because,keyboard_error
358,definitel,definitely,missing_letter
359,beautifuel,beautiful,extra_letter
360,importat,important,missing_letter
361,anguage,language,missing_letter
362,praktike,practice,phonetic_error
363,accessmibility,accessibility,extra_letter
364,tehcnology,technology,keyboard_error
365,enviropnment,environment,extra_letter
366,endvironment,environment,extra_letter
367,beutiful,beautiful,missing_letter
368,deinitely,definitely,missing_letter
369,undertsanding,understanding,keyboard_error
370,bekause,because,phonetic_error
371,defiintely,definitely,keyboard_error
372,larning,learning,missing_letter
373,technologhy,technology,extra_letter
374,beautigful,beautiful,extra_letter
375,definitel,definitely,missing_letter
376,technoloogy,technology,extra_letter
377,studnet,student,keyboard_error
378,educashun,education,phonetic_error
379,nvironment,environment,missing_letter
380,accessibilty,accessibility,missing_letter
381,akkessibility,accessibility,phonetic_error
382,stduent,student,keyboard_error
383,bceause,because,keyboard_error
384,technoloyg,technology,keyboard_error
385,understandin,understanding,missing_letter
386,komputer,computer,phonetic_error
387,beautiufl,beautiful,keyboard_error
388,eautiful,beautiful,missing_letter
389,lerning,learning,missing_letter
390,knoowledge,knowledge,extra_letter
391,pratcice,practice,keyboard_error
392,stuednt,student,keyboard_error
393,senvironment,environment,extra_letter
394,accessiiblity,accessibility,keyboard_error
395,knowledg,knowledge,missing_letter
396,studennt,student,extra_letter
397,knowfledge,knowledge,extra_letter
398,tekhnology,technology,phonetic_error
399,definigtely,definitely,extra_letter
400,understandnig,understanding,keyboard_error
401,pracitce,practice,keyboard_error
402,accessibilitwy,accessibility,extra_letter
403,bekause,because,phonetic_error
404,komputer,computer,phonetic_error
405,lamnguage,language,extra_letter
406,tudent,student,missing_letter
407,beatuiful,beautiful,keyboard_error
408,knfowledge,knowledge,extra_letter
409,konwledge,knowledge,keyboard_error
410,edcation,education,missing_letter
411,edcation,education,missing_letter
412,tehcnology,technology,keyboard_error
413,imortant,important,missing_letter
414,languaeg,language,keyboard_error
415,beautifuld,beautiful,extra_letter
416,environmentt,environment,extra_letter
417,imporant,important,missing_letter
418,prcatice,practice,keyboard_error
419,praktike,practice,phonetic_error
420,becuase,because,keyboard_error
421,environmentb,environment,extra_letter
422,becausge,because,extra_letter
423,lnguage,language,missing_letter
424,definitly,definitely,missing_letter
425,environmenqt,environment,extra_letter
426,miportant,important,keyboard_error
427,leanring,learning,keyboard_error
428,comuter,computer,missing_letter
429,importanht,important,extra_letter
430,beautpiful,beautiful,extra_letter
431,akkessibility,accessibility,phonetic_error
432,educashun,education,phonetic_error
433,langugae,language,keyboard_error
434,praktike,practice,phonetic_error
435,knowldege,knowledge,keyboard_error
436,educcation,education,extra_letter
437,akkessibility,accessibility,phonetic_error
438,edcation,education,missing_letter
439,studet,student,missing_letter
440,definitealy,definitely,extra_letter
441,environmenyt,environment,extra_letter
442,technoloy,technology,missing_letter
443,tekhnology,technology,phonetic_error
444,becuase,because,keyboard_error
445,komputer,computer,phonetic_error
446,learnig,learning,missing_letter
447,accesosibility,accessibility,extra_letter
448,beatiful,beautiful,missing_letter
449,parctice,practice,keyboard_error
450,lagnuage,language,keyboard_error
451,undcerstanding,understanding,extra_letter
452,pracice,practice,missing_letter
453,beacuse,because,keyboard_error
454,definitel,definitely,missing_letter
455,importnat,important,keyboard_error
456,knowfledge,knowledge,extra_letter
457,akkessibility,accessibility,phonetic_error
458,technologyp,technology,extra_letter
459,leairning,learning,extra_letter
460,kowledge,knowledge,missing_letter
461,technoolgy,technology,keyboard_error
462,pratice,practice,missing_letter
463,improtant,important,keyboard_error
464,practicxe,practice,extra_letter
465,pracitce,practice,keyboard_error
466,eduation,education,missing_letter
467,undertanding,understanding,missing_letter
468,definiately,definitely,extra_letter
469,langauge,language,keyboard_error
470,understandnig,understanding,keyboard_error
471,understnading,understanding,keyboard_error
472,knoledge,knowledge,missing_letter
473,dcomputer,computer,extra_letter
474,praktike,practice,phonetic_error
475,eduation,education,missing_letter
476,kowledge,knowledge,missing_letter
477,tecnhology,technology,keyboard_error
478,ximportant,important,extra_letter
479,beautiflu,beautiful,keyboard_error
480,beautiflu,beautiful,keyboard_error
481,knowlxedge,knowledge,extra_letter
482,environmnet,environment,keyboard_error
483,accessibiliyt,accessibility,keyboard_error
484,becuse,because,missing_letter
485,becaubse,because,extra_letter
486,prctice,practice,missing_letter
487,knofwledge,knowledge,extra_letter
488,efinitely,definitely,missing_letter
489,studentl,student,extra_letter
490,tsudent,student,keyboard_error
491,definitezly,definitely,extra_letter
492,tekhnology,technology,phonetic_error
493,komputer,computer,phonetic_error
494,tudent,student,missing_letter
495,understandming,understanding,extra_letter
496,understanjding,understanding,extra_letter
497,computerr,computer,extra_letter
498,understandinge,understanding,extra_letter
499,ocmputer,computer,keyboard_error
500,understandng,understanding,missing_letter
501,compucter,computer,extra_letter
502,imporbtant,important,extra_letter
503,compuoter,computer,extra_letter
504,becasue,because,keyboard_error
505,envirnment,environment,missing_letter
506,tekhnology,technology,phonetic_error
507,knwledge,knowledge,missing_letter
508,environmenht,environment,extra_letter
509,tudent,student,missing_letter
510,accessibliity,accessibility,keyboard_error
511,understandingn,understanding,extra_letter
512,bebautiful,beautiful,extra_letter
513,becaues,because,keyboard_error
514,definiely,definitely,missing_letter
515,beautifu,beautiful,missing_letter
516,accssibility,accessibility,missing_letter
517,educashun,education,phonetic_error
518,eiducation,education,extra_letter
519,stduent,student,keyboard_error
520,understandign,understanding,keyboard_error
521,importlant,important,extra_letter
522,computert,computer,extra_letter
523,enviornment,environment,keyboard_error
524,deucation,education,keyboard_error
525,languages,language,extra_letter
526,environmetn,environment,keyboard_error
527,techology,technology,missing_letter
528,environmnet,environment,keyboard_error
529,practiec,practice,keyboard_error
530,studentj,student,extra_letter
531,compute,computer,missing_letter
532,beautfiul,beautiful,keyboard_error
533,earning,learning,missing_letter
534,ecnvironment,environment,extra_letter
535,comyputer,computer,extra_letter
536,studentg,student,extra_letter
537,becaue,because,missing_letter
538,definietly,definitely,keyboard_error
539,technovlogy,technology,extra_letter
540,studet,student,missing_letter
541,stduent,student,keyboard_error
542,pratice,practice,missing_letter
543,compubter,computer,extra_letter
544,educatidon,education,extra_letter
545,becausoe,because,extra_letter
546,sutdent,student,keyboard_error
547,leraning,learning,keyboard_error
548,ipmortant,important,keyboard_error
549,cbeautiful,beautiful,extra_letter
550,beaubtiful,beautiful,extra_letter
551,knowldege,knowledge,keyboard_error
552,beautiul,beautiful,missing_letter
553,envsironment,environment,extra_letter
554,definituely,definitely,extra_letter
555,nvironment,environment,missing_letter
556,praktike,practice,phonetic_error
557,miportant,important,keyboard_error
558,languagxe,language,extra_letter
559,bekause,because,phonetic_error
560,beatuiful,beautiful,keyboard_error
561,becafuse,because,extra_letter
562,knovwledge,knowledge,extra_letter
563,educatiobn,education,extra_letter
564,enivronment,environment,keyboard_error
565,definitejly,definitely,extra_letter
566,becuse,because,missing_letter
567,spractice,practice,extra_letter
568,ocmputer,computer,keyboard_error
569,becase,because,missing_letter
570,practiec,practice,keyboard_error
571,becase,because,missing_letter
572,larning,learning,missing_letter
573,studrent,student,extra_letter
574,becaues,because,keyboard_error
575,edfinitely,definitely,keyboard_error
576,ppractice,practice,extra_letter
577,xstudent,student,extra_letter
578,educashun,education,phonetic_error
579,envrironment,environment,extra_letter
580,knwoledge,knowledge,keyboard_error
581,imoprtant,important,keyboard_error
582,pratice,practice,missing_letter
583,computeur,computer,extra_letter
584,eqnvironment,environment,extra_letter
585,defintely,definitely,missing_letter
586,envisronment,environment,extra_letter
587,studengt,student,extra_letter
588,pgractice,practice,extra_letter
589,prcatice,practice,keyboard_error
590,becausef,because,extra_letter
591,becaue,because,missing_letter
592,bekause,because,phonetic_error
593,tekhnology,technology,phonetic_error
594,vstudent,student,extra_letter
595,compute,computer,missing_letter
596,practce,practice,missing_letter
597,technolgy,technology,missing_letter
598,definiely,definitely,missing_letter
599,tiechnology,technology,extra_letter
600,compuhter,computer,extra_letter
601,accssibility,accessibility,missing_letter
602,tudent,student,missing_letter
603,becausde,because,extra_letter
604,technoloy,technology,missing_letter
605,impnortant,important,extra_letter
606,enironment,environment,missing_letter
607,deifnitely,definitely,keyboard_error
608,knowlecdge,knowledge,extra_letter
609,educvation,education,extra_letter
610,unerstanding,understanding,missing_letter
611,knwoledge,knowledge,keyboard_error
612,ducation,education,missing_letter
613,stdent,student,missing_letter
614,importatn,important,keyboard_error
615,alearning,learning,extra_letter
616,accessiybility,accessibility,extra_letter
617,importnat,important,keyboard_error
618,accessiility,accessibility,missing_letter
619,tcehnology,technology,keyboard_error
620,importan,important,missing_letter
621,eautiful,beautiful,missing_letter
622,leraning,learning,keyboard_error
623,understlanding,understanding,extra_letter
624,laguage,language,missing_letter
625,studentx,student,extra_letter
626,comuter,computer,missing_letter
627,educashun,education,phonetic_error
628,importsant,important,extra_letter
629,learnign,learning,keyboard_error
630,eautiful,beautiful,missing_letter
631,accessibiilty,accessibility,keyboard_error
632,prcatice,practice,keyboard_error
633,pracitce,practice,keyboard_error
634,lnguage,language,missing_letter
635,technolpogy,technology,extra_letter
636,becausee,because,extra_letter
637,becaues,because,keyboard_error
638,learnnig,learning,keyboard_error
639,defiitely,definitely,missing_letter
640,environmeent,environment,extra_letter
641,tecnology,technology,missing_letter
642,knobwledge,knowledge,extra_letter
643,learninjg,learning,extra_letter
644,xcomputer,computer,extra_letter
645,definiterly,definitely,extra_letter
646,becaus,because,missing_letter
647,akkessibility,accessibility,phonetic_error
648,beautifulq,beautiful,extra_letter
649,compuvter,computer,extra_letter
650,learnihng,learning,extra_letter
651,definitbely,definitely,extra_letter
652,languae,language,missing_letter
653,studet,student,missing_letter
654,understandig,understanding,missing_letter
655,beautifl,beautiful,missing_letter
656,bceause,because,keyboard_error
657,importan,important,missing_letter
658,bekause,because,phonetic_error
659,bekause,because,phonetic_error
660,knoweldge,knowledge,keyboard_error
661,practcie,practice,keyboard_error
662,educashun,education,phonetic_error
663,mportant,important,missing_letter
664,studentw,student,extra_letter
665,pracitce,practice,keyboard_error
666,berautiful,beautiful,extra_letter
667,tzechnology,technology,extra_letter
668,knowledxge,knowledge,extra_letter
669,lanugage,language,keyboard_error
670,qlearning,learning,extra_letter
671,dfinitely,definitely,missing_letter
672,stduent,student,keyboard_error
673,understawnding,understanding,extra_letter
674,beautfiul,beautiful,keyboard_error
675,ipmortant,important,keyboard_error
676,enviironment,environment,extra_letter
677,technlogy,technology,missing_letter
678,leanring,learning,keyboard_error
679,acecssibility,accessibility,keyboard_error
680,omputer,computer,missing_letter
681,beauwtiful,beautiful,extra_letter
682,leraning,learning,keyboard_error
683,definiteyl,definitely,keyboard_error
684,copmuter,computer,keyboard_error
685,sudent,student,missing_letter
686,studexnt,student,extra_letter
687,accsesibility,accessibility,keyboard_error
688,awccessibility,accessibility,extra_letter
689,compute,computer,missing_letter
690,bekause,because,phonetic_error
691,eductaion,education,keyboard_error
692,cunderstanding,understanding,extra_letter
693,mportant,important,missing_letter
694,imporatnt,important,keyboard_error
695,technoolgy,technology,keyboard_error
696,technoogy,technology,missing_letter
697,edcuation,education,keyboard_error
698,sturdent,student,extra_letter
699,eduction,education,missing_letter
700,bekause,because,phonetic_error
701,leargning,learning,extra_letter
702,studentp,student,extra_letter
703,evironment,environment,missing_letter
704,educashun,education,phonetic_error
705,compute,computer,missing_letter
706,knowledpge,knowledge,extra_letter
707,importnt,important,missing_letter
708,akkessibility,accessibility,phonetic_error
709,impourtant,important,extra_letter
710,lagnuage,language,keyboard_error
711,improtant,important,keyboard_error
712,sudent,student,missing_letter
713,texchnology,technology,extra_letter
714,tcehnology,technology,keyboard_error
715,accessbility,accessibility,missing_letter
716,pracntice,practice,extra_letter
717,beaiutiful,beautiful,extra_letter
718,becaue,because,missing_letter
719,technolog,technology,missing_letter
720,learnin,learning,missing_letter
721,unerstanding,understanding,missing_letter
722,komputer,computer,phonetic_error
723,ebautiful,beautiful,keyboard_error
724,comuter,computer,missing_letter
725,becuse,because,missing_letter
726,environmentd,environment,extra_letter
727,knowldge,knowledge,missing_letter
728,educashun,education,phonetic_error
729,educashun,education,phonetic_error
730,envirsonment,environment,extra_letter
731,tekhnology,technology,phonetic_error
732,becuase,because,keyboard_error
733,deifnitely,definitely,keyboard_error
734,defilnitely,definitely,extra_letter
735,defiitely,definitely,missing_letter
736,practic,practice,missing_letter
737,evironment,environment,missing_letter
738,compute,computer,missing_letter
739,compuer,computer,missing_letter
740,edrucation,education,extra_letter
741,beautiyful,beautiful,extra_letter
742,prcatice,practice,keyboard_error
743,bcause,because,missing_letter
744,knowledgen,knowledge,extra_letter
745,becapuse,because,extra_letter
746,environmen,environment,missing_letter
747,envronment,environment,missing_letter
748,definitley,definitely,keyboard_error
749,akkessibility,accessibility,phonetic_error
750,dknowledge,knowledge,extra_letter
751,ebautiful,beautiful,keyboard_error
752,becaause,because,extra_letter
753,definitley,definitely,keyboard_error
754,akkessibility,accessibility,phonetic_error
755,technoogy,technology,missing_letter
756,accessiility,accessibility,missing_letter
757,technologyy,technology,extra_letter
758,envirownment,environment,extra_letter
759,importuant,important,extra_letter
760,studnt,student,missing_letter
761,undrestanding,understanding,keyboard_error
762,educhation,education,extra_letter
763,lenvironment,environment,extra_letter
764,laguage,language,missing_letter
765,bekause,because,phonetic_error
766,komputer,computer,phonetic_error
767,knowledkge,knowledge,extra_letter
768,becaus,because,missing_letter
769,bekause,because,phonetic_error
770,environement,environment,extra_letter
771,knoweldge,knowledge,keyboard_error
772,lanugage,language,keyboard_error
773,imoprtant,important,keyboard_error
774,leahrning,learning,extra_letter
775,pratcice,practice,keyboard_error
776,comptuer,computer,keyboard_error
777,techology,technology,missing_letter
778,uderstanding,understanding,missing_letter
779,accessibilty,accessibility,missing_letter
780,laanguage,language,extra_letter
781,lbearning,learning,extra_letter
782,nkowledge,knowledge,keyboard_error
783,komputer,computer,phonetic_error
784,becaguse,because,extra_letter
785,nevironment,environment,keyboard_error
786,acceswsibility,accessibility,extra_letter
787,knoweldge,knowledge,keyboard_error
788,knowlede,knowledge,missing_letter
789,understamnding,understanding,extra_letter
790,beautifoul,beautiful,extra_letter
791,ytechnology,technology,extra_letter
792,doefinitely,definitely,extra_letter
793,kowledge,knowledge,missing_letter
794,educashun,education,phonetic_error
795,echnology,technology,missing_letter
796,akkessibility,accessibility,phonetic_error
797,leanring,learning,keyboard_error
798,studaent,student,extra_letter
799,compuetr,computer,keyboard_error
800,definitley,definitely,keyboard_error
801,eduction,education,missing_letter
802,langugae,language,keyboard_error
803,defniitely,definitely,keyboard_error
804,estudent,student,extra_letter
805,pratice,practice,missing_letter
806,studetn,student,keyboard_error
807,becaus,because,missing_letter
808,techneology,technology,extra_letter
809,becaushe,because,extra_letter
810,understaning,understanding,missing_letter
811,studpent,student,extra_letter
812,lagnuage,language,keyboard_error
813,knowledgel,knowledge,extra_letter
814,bzeautiful,beautiful,extra_letter
815,imponrtant,important,extra_letter
816,pratcice,practice,keyboard_error
817,leaning,learning,missing_letter
818,praktike,practice,phonetic_error
819,beautifhul,beautiful,extra_letter
820,tehnology,technology,missing_letter
821,bekause,because,phonetic_error
822,beatuiful,beautiful,keyboard_error
823,dfeinitely,definitely,keyboard_error
824,learneing,learning,extra_letter
825,nkowledge,knowledge,keyboard_error
826,accesibility,accessibility,missing_letter
827,tekhnology,technology,phonetic_error
828,understnding,understanding,missing_letter
829,leanring,learning,keyboard_error
830,educationm,education,extra_letter
831,leraning,learning,keyboard_error
832,defiunitely,definitely,extra_letter
833,tchnology,technology,missing_letter
834,tekhnology,technology,phonetic_error
835,pvractice,practice,extra_letter
836,envirnoment,environment,keyboard_error
837,praktike,practice,phonetic_error
838,leharning,learning,extra_letter
839,envirnoment,environment,keyboard_error
840,omputer,computer,missing_letter
841,alnguage,language,keyboard_error
842,becuse,because,missing_letter
843,studetn,student,keyboard_error
844,accessibilcity,accessibility,extra_letter
845,stcudent,student,extra_letter
846,nvironment,environment,missing_letter
847,understanidng,understanding,keyboard_error
848,bekause,because,phonetic_error
849,knowlegde,knowledge,keyboard_error
850,improtant,important,keyboard_error
851,studetn,student,keyboard_error
852,tchnology,technology,missing_letter
853,tlearning,learning,extra_letter
854,beazutiful,beautiful,extra_letter
855,alnguage,language,keyboard_error
856,sntudent,student,extra_letter
857,beautifu,beautiful,missing_letter
858,technozlogy,technology,extra_letter
859,akkessibility,accessibility,phonetic_error
860,efinitely,definitely,missing_letter
861,educatino,education,keyboard_error
862,tekhnology,technology,phonetic_error
863,akkessibility,accessibility,phonetic_error
864,flanguage,language,extra_letter
865,praktike,practice,phonetic_error
866,studet,student,missing_letter
867,practie,practice,missing_letter
868,knowedge,knowledge,missing_letter
869,undersctanding,understanding,extra_letter
870,technolxogy,technology,extra_letter
871,teochnology,technology,extra_letter
872,acessibility,accessibility,missing_letter
873,diefinitely,definitely,extra_letter
874,eautiful,beautiful,missing_letter
875,gbeautiful,beautiful,extra_letter
876,knocwledge,knowledge,extra_letter
877,gpractice,practice,extra_letter
878,beajutiful,beautiful,extra_letter
879,ecause,because,missing_letter
880,definitelmy,definitely,extra_letter
881,languae,language,missing_letter
882,besautiful,beautiful,extra_letter
883,languge,language,missing_letter
884,knowedge,knowledge,missing_letter
885,undersatnding,understanding,keyboard_error
886,understandng,understanding,missing_letter
887,kowledge,knowledge,missing_letter
888,educaton,education,missing_letter
889,undgerstanding,understanding,extra_letter
890,understanidng,understanding,keyboard_error
891,becuse,because,missing_letter
892,educaton,education,missing_letter
893,kowledge,knowledge,missing_letter
894,learnng,learning,missing_letter
895,bekause,because,phonetic_error
896,knowledg,knowledge,missing_letter
897,understanmding,understanding,extra_letter
898,beautfiul,beautiful,keyboard_error
899,envirronment,environment,extra_letter
900,learnign,learning,keyboard_error
901,undoerstanding,understanding,extra_letter
902,cmoputer,computer,keyboard_error
903,undgerstanding,understanding,extra_letter
904,technoloyg,technology,keyboard_error
905,dewfinitely,definitely,extra_letter
906,understandin,understanding,missing_letter
907,prazctice,practice,extra_letter
908,nowledge,knowledge,missing_letter
909,beause,because,missing_letter
910,understadning,understanding,keyboard_error
911,learnihng,learning,extra_letter
912,komputer,computer,phonetic_error
913,taccessibility,accessibility,extra_letter
914,educaztion,education,extra_letter
915,studnt,student,missing_letter
916,practie,practice,missing_letter
917,definitelyh,definitely,extra_letter
918,evironment,environment,missing_letter
919,leanring,learning,keyboard_error
920,nkowledge,knowledge,keyboard_error
921,accessibiltiy,accessibility,keyboard_error
922,nvironment,environment,missing_letter
923,stdent,student,missing_letter
924,kowledge,knowledge,missing_letter
925,beauiful,beautiful,missing_letter
926,acessibility,accessibility,missing_letter
927,accessibtility,accessibility,extra_letter
928,accesibility,accessibility,missing_letter
929,knowldege,knowledge,keyboard_error
930,eduation,education,missing_letter
931,mbeautiful,beautiful,extra_letter
932,bcause,because,missing_letter
933,ebcause,because,keyboard_error
934,clearning,learning,extra_letter
935,importnat,important,keyboard_error
936,prctice,practice,missing_letter
937,imortant,important,missing_letter
938,beautiflul,beautiful,extra_letter
939,envirnment,environment,missing_letter
940,accessibiltiy,accessibility,keyboard_error
941,beautiflu,beautiful,keyboard_error
942,becaus,because,missing_letter
943,deinitely,definitely,missing_letter
944,becaues,because,keyboard_error
945,envrionment,environment,keyboard_error
946,languaeg,language,keyboard_error
947,komputer,computer,phonetic_error
948,acwcessibility,accessibility,extra_letter
949,understandeing,understanding,extra_letter
950,komputer,computer,phonetic_error
951,defginitely,definitely,extra_letter
952,komputer,computer,phonetic_error
953,nstudent,student,extra_letter
954,akkessibility,accessibility,phonetic_error
955,miportant,important,keyboard_error
956,environmnet,environment,keyboard_error
957,jbeautiful,beautiful,extra_letter
958,bcause,because,missing_letter
959,larnguage,language,extra_letter
960,technolog,technology,missing_letter
961,miportant,important,keyboard_error
962,educcation,education,extra_letter
963,beoautiful,beautiful,extra_letter
964,imortant,important,missing_letter
965,konwledge,knowledge,keyboard_error
966,coputer,computer,missing_letter
967,learnin,learning,missing_letter
968,bceause,because,keyboard_error
969,studepnt,student,extra_letter
970,pracice,practice,missing_letter
971,bekcause,because,extra_letter
972,langauge,language,keyboard_error
973,imporltant,important,extra_letter
974,learnnig,learning,keyboard_error
975,envionment,environment,missing_letter
976,accessisbility,accessibility,extra_letter
977,environmejnt,environment,extra_letter
978,akkessibility,accessibility,phonetic_error
979,impotrant,important,keyboard_error
980,lnaguage,language,keyboard_error
981,knowdledge,knowledge,extra_letter
982,understawnding,understanding,extra_letter
983,stuent,student,missing_letter
984,nevironment,environment,keyboard_error
985,bbecause,because,extra_letter
986,stcudent,student,extra_letter
987,tekhnology,technology,phonetic_error
988,eduaction,education,keyboard_error
989,educashun,education,phonetic_error
990,becmause,because,extra_letter
991,komputer,computer,phonetic_error
992,beautifucl,beautiful,extra_letter
993,akkessibility,accessibility,phonetic_error
994,studoent,student,extra_letter
995,undertsanding,understanding,keyboard_error
996,komputer,computer,phonetic_error
997,impportant,important,extra_letter
998,knowledges,knowledge,extra_letter
999,tecnhology,technology,keyboard_error
1000,understanidng,understanding,keyboard_error
1001,educaton,education,missing_letter
1002,ractice,practice,missing_letter
1003,stzudent,student,extra_letter
1004,technolgy,technology,missing_letter
1005,lagnuage,language,keyboard_error
1006,understandnig,understanding,keyboard_error
1007,tecchnology,technology,extra_letter
1008,tekhnology,technology,phonetic_error
1009,bekause,because,phonetic_error
1010,larning,learning,missing_letter
1011,computre,computer,keyboard_error
1012,computelr,computer,extra_letter
1013,rcomputer,computer,extra_letter
1014,defniitely,definitely,keyboard_error
1015,dfeinitely,definitely,keyboard_error
1016,nevironment,environment,keyboard_error
1017,eduaction,education,keyboard_error
1018,tecnhology,technology,keyboard_error
1019,akkessibility,accessibility,phonetic_error
1020,larning,learning,missing_letter
1021,anguage,language,missing_letter
1022,akkessibility,accessibility,phonetic_error
1023,akkessibility,accessibility,phonetic_error
1024,enviroment,environment,missing_letter
1025,beautsiful,beautiful,extra_letter
1026,studnet,student,keyboard_error
1027,accessibilityg,accessibility,extra_letter
1028,nowledge,knowledge,missing_letter
1029,impzortant,important,extra_letter
1030,compuer,computer,missing_letter
1031,becaus,because,missing_letter
1032,impotant,important,missing_letter
1033,understadning,understanding,keyboard_error
1034,akkessibility,accessibility,phonetic_error
1035,undrestanding,understanding,keyboard_error
1036,knoledge,knowledge,missing_letter
1037,akkessibility,accessibility,phonetic_error
1038,kowledge,knowledge,missing_letter
1039,educashun,education,phonetic_error
1040,importanmt,important,extra_letter
1041,mportant,important,missing_letter
1042,practiceo,practice,extra_letter
1043,acessibility,accessibility,missing_letter
1044,educaiton,education,keyboard_error
1045,stdent,student,missing_letter
1046,environent,environment,missing_letter
1047,benvironment,environment,extra_letter
1048,zlearning,learning,extra_letter
1049,comuter,computer,missing_letter
1050,becauseu,because,extra_letter
1051,cmputer,computer,missing_letter
1052,komputer,computer,phonetic_error
1053,knowedge,knowledge,missing_letter
1054,importnat,important,keyboard_error
1055,languageo,language,extra_letter
1056,educashun,education,phonetic_error
1057,importan,important,missing_letter
1058,akkessibility,accessibility,phonetic_error
1059,educashun,education,phonetic_error
1060,lagnuage,language,keyboard_error
1061,enviironment,environment,extra_letter
1062,ppractice,practice,extra_letter
1063,learninig,learning,extra_letter
1064,lnguage,language,missing_letter
1065,studetn,student,keyboard_error
1066,environent,environment,missing_letter
1067,copmuter,computer,keyboard_error
1068,nkowledge,knowledge,keyboard_error
1069,studetn,student,keyboard_error
1070,undrestanding,understanding,keyboard_error
1071,stuzdent,student,extra_letter
1072,beuatiful,beautiful,keyboard_error
1073,practie,practice,missing_letter
1074,kowledge,knowledge,missing_letter
1075,ctomputer,computer,extra_letter
1076,lnguage,language,missing_letter
1077,understandin,understanding,missing_letter
1078,definitel,definitely,missing_letter
1079,cmoputer,computer,keyboard_error
1080,languagek,language,extra_letter
1081,definiteyl,definitely,keyboard_error
1082,bekause,because,phonetic_error
1083,beautiufl,beautiful,keyboard_error
1084,stuednt,student,keyboard_error
1085,beatuiful,beautiful,keyboard_error
1086,beauwtiful,beautiful,extra_letter
1087,unerstanding,understanding,missing_letter
1088,defintely,definitely,missing_letter
1089,accessbiility,accessibility,keyboard_error
1090,praktike,practice,phonetic_error
1091,acecssibility,accessibility,keyboard_error
1092,beuatiful,beautiful,keyboard_error
1093,practeice,practice,extra_letter
1094,languqage,language,extra_letter
1095,undestanding,understanding,missing_letter
1096,praktike,practice,phonetic_error
1097,beautiufl,beautiful,keyboard_error
1098,accessibliity,accessibility,keyboard_error
1099,envronment,environment,missing_letter
1100,ltechnology,technology,extra_letter
1101,larning,learning,missing_letter
1102,knowlede,knowledge,missing_letter
1103,beause,because,missing_letter
1104,educaiton,education,keyboard_error
1105,eudcation,education,keyboard_error
1106,knowlege,knowledge,missing_letter
1107,stdent,student,missing_letter
1108,definictely,definitely,extra_letter
1109,learnin,learning,missing_letter
1110,leaning,learning,missing_letter
1111,miportant,important,keyboard_error
1112,leaning,learning,missing_letter
1113,evnironment,environment,keyboard_error
1114,knwledge,knowledge,missing_letter
1115,educaton,education,missing_letter
1116,beautifulp,beautiful,extra_letter
1117,becasue,because,keyboard_error
1118,educashun,education,phonetic_error
1119,dfinitely,definitely,missing_letter
1120,studzent,student,extra_letter
1121,importatn,important,keyboard_error
1122,environmlent,environment,extra_letter
1123,improtant,important,keyboard_error
1124,importatn,important,keyboard_error
1125,understandig,understanding,missing_letter
1126,environmen,environment,missing_letter
1127,beauiful,beautiful,missing_letter
1128,educaiton,education,keyboard_error
1129,xlearning,learning,extra_letter
1130,beacuse,because,keyboard_error
1131,environmfent,environment,extra_letter
1132,laguage,language,missing_letter
1133,stxudent,student,extra_letter
1134,eduvcation,education,extra_letter
1135,learniyng,learning,extra_letter
1136,learninhg,learning,extra_letter
1137,becaus,because,missing_letter
1138,definitexly,definitely,extra_letter
1139,definitelyx,definitely,extra_letter
1140,eduaction,education,keyboard_error
1141,ipmortant,important,keyboard_error
1142,educavtion,education,extra_letter
1143,dfinitely,definitely,missing_letter
1144,technolgoy,technology,keyboard_error
1145,enviroment,environment,missing_letter
1146,ecause,because,missing_letter
1147,lanuage,language,missing_letter
1148,languaige,language,extra_letter
1149,knoweldge,knowledge,keyboard_error
1150,practiec,practice,keyboard_error
1151,beatiful,beautiful,missing_letter
1152,beclause,because,extra_letter
1153,knoledge,knowledge,missing_letter
1154,languasge,language,extra_letter
1155,akkessibility,accessibility,phonetic_error
1156,komputer,computer,phonetic_error
1157,lnaguage,language,keyboard_error
1158,understadning,understanding,keyboard_error
1159,practce,practice,missing_letter
1160,accesibility,accessibility,missing_letter
1161,akkessibility,accessibility,phonetic_error
1162,improtant,important,keyboard_error
1163,languager,language,extra_letter
1164,learnbing,learning,extra_letter
1165,ebcause,because,keyboard_error
1166,knowleddge,knowledge,extra_letter
1167,eduqcation,education,extra_letter
1168,langage,language,missing_letter
1169,pracice,practice,missing_letter
1170,stdent,student,missing_letter
1171,languagea,language,extra_letter
1172,knowedge,knowledge,missing_letter
1173,practce,practice,missing_letter
1174,educashun,education,phonetic_error
1175,deifnitely,definitely,keyboard_error
1176,ocmputer,computer,keyboard_error
1177,bekause,because,phonetic_error
1178,technologwy,technology,extra_letter
1179,deinitely,definitely,missing_letter
1180,leaning,learning,missing_letter
1181,technojlogy,technology,extra_letter
1182,practce,practice,missing_letter
1183,dknowledge,knowledge,extra_letter
1184,comuter,computer,missing_letter
1185,dfeinitely,definitely,keyboard_error
1186,undersstanding,understanding,extra_letter
1187,unedrstanding,understanding,keyboard_error
1188,compumter,computer,extra_letter
1189,technologfy,technology,extra_letter
1190,udnerstanding,understanding,keyboard_error
1191,bpeautiful,beautiful,extra_letter
1192,elarning,learning,keyboard_error
1193,ftechnology,technology,extra_letter
1194,educashun,education,phonetic_error
1195,praktike,practice,phonetic_error
1196,achcessibility,accessibility,extra_letter
1197,tehcnology,technology,keyboard_error
1198,langage,language,missing_letter
1199,bautiful,beautiful,missing_letter
1200,miportant,important,keyboard_error
1201,boeautiful,beautiful,extra_letter
1202,accessibilty,accessibility,missing_letter
1203,languag,language,missing_letter
1204,beacuse,because,keyboard_error
1205,akkessibility,accessibility,phonetic_error
1206,stuednt,student,keyboard_error
1207,komputer,computer,phonetic_error
1208,importat,important,missing_letter
1209,knowlegde,knowledge,keyboard_error
1210,stdent,student,missing_letter
1211,languag,language,missing_letter
1212,bekause,because,phonetic_error
1213,enfvironment,environment,extra_letter
1214,deafinitely,definitely,extra_letter
1215,educatoin,education,keyboard_error
1216,bheautiful,beautiful,extra_letter
1217,learningq,learning,extra_letter
1218,educashun,education,phonetic_error
1219,studnet,student,keyboard_error
1220,environmnet,environment,keyboard_error
1221,langhuage,language,extra_letter
1222,undersetanding,understanding,extra_letter
1223,environmen,environment,missing_letter
1224,understnding,understanding,missing_letter
1225,lanbguage,language,extra_letter
1226,environmnet,environment,keyboard_error
1227,eudcation,education,keyboard_error
1228,definitelyc,definitely,extra_letter
1229,launguage,language,extra_letter
1230,definkitely,definitely,extra_letter
1231,stuednt,student,keyboard_error
1232,educashun,education,phonetic_error
1233,environmento,environment,extra_letter
1234,learnieng,learning,extra_letter
1235,compuer,computer,missing_letter
1236,sgtudent,student,extra_letter
1237,acessibility,accessibility,missing_letter
1238,studnet,student,keyboard_error
1239,studetn,student,keyboard_error
1240,evnironment,environment,keyboard_error
1241,accessibilityw,accessibility,extra_letter
1242,nderstanding,understanding,missing_letter
1243,envronment,environment,missing_letter
1244,impotant,important,missing_letter
1245,komputer,computer,phonetic_error
1246,practirce,practice,extra_letter
1247,understading,understanding,missing_letter
1248,leanring,learning,keyboard_error
1249,ikmportant,important,extra_letter
1250,impotant,important,missing_letter
1251,beautifuml,beautiful,extra_letter
1252,lnaguage,language,keyboard_error
1253,educatio,education,missing_letter
1254,educashun,education,phonetic_error
1255,knowleydge,knowledge,extra_letter
1256,languge,language,missing_letter
1257,accessibilit,accessibility,missing_letter
1258,becase,because,missing_letter
1259,bekause,because,phonetic_error
1260,bekause,because,phonetic_error
1261,defnitely,definitely,missing_letter
1262,praktike,practice,phonetic_error
1263,imporatnt,important,keyboard_error
1264,studetn,student,keyboard_error
1265,ocmputer,computer,keyboard_error
1266,impotrant,important,keyboard_error
1267,beatuiful,beautiful,keyboard_error
1268,technolgoy,technology,keyboard_error
1269,knoledge,knowledge,missing_letter
1270,educatino,education,keyboard_error
1271,beautfiul,beautiful,keyboard_error
1272,undersktanding,understanding,extra_letter
1273,technologyl,technology,extra_letter
1274,computerr,computer,extra_letter
1275,languague,language,extra_letter
1276,imortant,important,missing_letter
1277,educatoin,education,keyboard_error
1278,educatino,education,keyboard_error
1279,tekhnology,technology,phonetic_error
1280,technoolgy,technology,keyboard_error
1281,edcuation,education,keyboard_error
1282,environnment,environment,extra_letter
1283,eqnvironment,environment,extra_letter
1284,techntology,technology,extra_letter
1285,learnign,learning,keyboard_error
1286,konwledge,knowledge,keyboard_error
1287,accessibiclity,accessibility,extra_letter
1288,lerning,learning,missing_letter
1289,larning,learning,missing_letter
1290,uimportant,important,extra_letter
1291,devfinitely,definitely,extra_letter
1292,beuatiful,beautiful,keyboard_error
1293,knoweldge,knowledge,keyboard_error
1294,understading,understanding,missing_letter
1295,imprtant,important,missing_letter
1296,knowledbge,knowledge,extra_letter
1297,bekause,because,phonetic_error
1298,studeunt,student,extra_letter
1299,definitel,definitely,missing_letter
1300,komputer,computer,phonetic_error
1301,eiducation,education,extra_letter
1302,educashun,education,phonetic_error
1303,definitley,definitely,keyboard_error
1304,impjortant,important,extra_letter
1305,technolvogy,technology,extra_letter
1306,educatjion,education,extra_letter
1307,anguage,language,missing_letter
1308,languageh,language,extra_letter
1309,understmanding,understanding,extra_letter
1310,accessibiliy,accessibility,missing_letter
1311,environmfent,environment,extra_letter
1312,environmet,environment,missing_letter
1313,practcie,practice,keyboard_error
1314,defiintely,definitely,keyboard_error
1315,educaton,education,missing_letter
1316,stumdent,student,extra_letter
1317,deucation,education,keyboard_error
1318,technlogy,technology,missing_letter
1319,languagfe,language,extra_letter
1320,languae,language,missing_letter
1321,nowledge,knowledge,missing_letter
1322,prcactice,practice,extra_letter
1323,comuter,computer,missing_letter
1324,tekhnology,technology,phonetic_error
1325,etchnology,technology,keyboard_error
1326,tecnology,technology,missing_letter
1327,accessibilit,accessibility,missing_letter
1328,understanidng,understanding,keyboard_error
1329,environent,environment,missing_letter
1330,pracxtice,practice,extra_letter
1331,eduction,education,missing_letter
1332,bekause,because,phonetic_error
1333,comuter,computer,missing_letter
1334,stuednt,student,keyboard_error
1335,compuetr,computer,keyboard_error
1336,languag,language,missing_letter
1337,uderstanding,understanding,missing_letter
1338,beautifudl,beautiful,extra_letter
1339,learnig,learning,missing_letter
1340,wbeautiful,beautiful,extra_letter
1341,envionment,environment,missing_letter
1342,studnt,student,missing_letter
1343,educatio,education,missing_letter
1344,accessibliity,accessibility,keyboard_error
1345,bekause,because,phonetic_error
1346,akkessibility,accessibility,phonetic_error
1347,beuatiful,beautiful,keyboard_error
1348,beuatiful,beautiful,keyboard_error
1349,anguage,language,missing_letter
1350,tekhnology,technology,phonetic_error
1351,lerning,learning,missing_letter
1352,mportant,important,missing_letter
1353,technolosgy,technology,extra_letter
1354,studegnt,student,extra_letter
1355,nowledge,knowledge,missing_letter
1356,komputer,computer,phonetic_error
1357,languagze,language,extra_letter
1358,definitly,definitely,missing_letter
1359,knowledyge,knowledge,extra_letter
1360,accessibiltiy,accessibility,keyboard_error
1361,tecnhology,technology,keyboard_error
1362,understandign,understanding,keyboard_error
1363,lnguage,language,missing_letter
1364,prcatice,practice,keyboard_error
1365,understtanding,understanding,extra_letter
1366,lanuage,language,missing_letter
1367,pwractice,practice,extra_letter
1368,nuderstanding,understanding,keyboard_error
1369,computper,computer,extra_letter
1370,compuer,computer,missing_letter
1371,komputer,computer,phonetic_error
1372,langage,language,missing_letter
1373,beuatiful,beautiful,keyboard_error
1374,defnitely,definitely,missing_letter
1375,learnieng,learning,extra_letter
1376,lanuage,language,missing_letter
1377,eductation,education,extra_letter
1378,computter,computer,extra_letter
1379,environmegnt,environment,extra_letter
1380,stbudent,student,extra_letter
1381,lerarning,learning,extra_letter
1382,bekause,because,phonetic_error
1383,zlearning,learning,extra_letter
1384,praktike,practice,phonetic_error
1385,ducation,education,missing_letter
1386,learnng,learning,missing_letter
1387,sutdent,student,keyboard_error
1388,understadning,understanding,keyboard_error
1389,accessibilitpy,accessibility,extra_letter
1390,decfinitely,definitely,extra_letter
1391,environmetn,environment,keyboard_error
1392,bekause,because,phonetic_error
1393,environmen,environment,missing_letter
1394,definitejly,definitely,extra_letter
1395,tekhnology,technology,phonetic_error
1396,beautfiul,beautiful,keyboard_error
1397,undertsanding,understanding,keyboard_error
1398,accessibiltity,accessibility,extra_letter
1399,knoledge,knowledge,missing_letter
1400,accssibility,accessibility,missing_letter
1401,leraning,learning,keyboard_error
1402,learnng,learning,missing_letter
1403,ccessibility,accessibility,missing_letter
1404,defminitely,definitely,extra_letter
1405,tetchnology,technology,extra_letter
1406,educatio,education,missing_letter
1407,accesssibility,accessibility,extra_letter
1408,leraning,learning,keyboard_error
1409,undertsanding,understanding,keyboard_error
1410,evnironment,environment,keyboard_error
1411,bejautiful,beautiful,extra_letter
1412,bcause,because,missing_letter
1413,tchnology,technology,missing_letter
1414,improtant,important,keyboard_error
1415,accssibility,accessibility,missing_letter
1416,technoolgy,technology,keyboard_error
1417,defvinitely,definitely,extra_letter
1418,beacuse,because,keyboard_error
1419,tpechnology,technology,extra_letter
1420,accessiiblity,accessibility,keyboard_error
1421,baeutiful,beautiful,keyboard_error
1422,evironment,environment,missing_letter
1423,bekause,because,phonetic_error
1424,praktike,practice,phonetic_error
1425,learnign,learning,keyboard_error
1426,accesisbility,accessibility,keyboard_error
1427,accessibilityr,accessibility,extra_letter
1428,knowedge,knowledge,missing_letter
1429,bekause,because,phonetic_error
1430,akkessibility,accessibility,phonetic_error
1431,accessibiilty,accessibility,keyboard_error
1432,komputer,computer,phonetic_error
1433,technologye,technology,extra_letter
1434,accessibilit,accessibility,missing_letter
1435,defivnitely,definitely,extra_letter
1436,pactice,practice,missing_letter
1437,accessibiliyt,accessibility,keyboard_error
1438,bekause,because,phonetic_error
1439,laerning,learning,keyboard_error
1440,pratcice,practice,keyboard_error
1441,technloogy,technology,keyboard_error
1442,bbecause,because,extra_letter
1443,educaton,education,missing_letter
1444,undertsanding,understanding,keyboard_error
1445,becuause,because,extra_letter
1446,understanidng,understanding,keyboard_error
1447,stduent,student,keyboard_error
1448,rpactice,practice,keyboard_error
1449,praktike,practice,phonetic_error
1450,learnin,learning,missing_letter
1451,comptuer,computer,keyboard_error
1452,tekhnology,technology,phonetic_error
1453,praktike,practice,phonetic_error
1454,knwoledge,knowledge,keyboard_error
1455,enviroment,environment,missing_letter
1456,technologyn,technology,extra_letter
1457,definitzely,definitely,extra_letter
1458,akkessibility,accessibility,phonetic_error
1459,komputer,computer,phonetic_error
1460,accessibilit,accessibility,missing_letter
1461,ocmputer,computer,keyboard_error
1462,akkessibility,accessibility,phonetic_error
1463,laerning,learning,keyboard_error
1464,praktike,practice,phonetic_error
1465,larning,learning,missing_letter
1466,qbeautiful,beautiful,extra_letter
1467,educatino,education,keyboard_error
1468,imortant,important,missing_letter
1469,studeynt,student,extra_letter
1470,mdefinitely,definitely,extra_letter
1471,beautfiul,beautiful,keyboard_error
1472,lnguage,language,missing_letter
1473,dfeinitely,definitely,keyboard_error
1474,defintely,definitely,missing_letter
1475,kntowledge,knowledge,extra_letter
1476,coputer,computer,missing_letter
1477,alnguage,language,keyboard_error
1478,definiely,definitely,missing_letter
1479,edzucation,education,extra_letter
1480,tecnology,technology,missing_letter
1481,elarning,learning,keyboard_error
1482,edcation,education,missing_letter
1483,knowledgre,knowledge,extra_letter
1484,akkessibility,accessibility,phonetic_error
1485,langugae,language,keyboard_error
1486,knowledgef,knowledge,extra_letter
1487,becaluse,because,extra_letter
1488,lcomputer,computer,extra_letter
1489,learnin,learning,missing_letter
1490,accessbility,accessibility,missing_letter
1491,komputer,computer,phonetic_error
1492,becase,because,missing_letter
1493,copmuter,computer,keyboard_error
1494,etchnology,technology,keyboard_error
1495,importacnt,important,extra_letter
1496,educaiton,education,keyboard_error
1497,definietly,definitely,keyboard_error
1498,languae,language,missing_letter
1499,knowledg,knowledge,missing_letter
1500,cohmputer,computer,extra_letter
1501,compute,computer,missing_letter
1502,tekhnology,technology,phonetic_error
1503,lbearning,learning,extra_letter
1504,understading,understanding,missing_letter
1505,nowledge,knowledge,missing_letter
1506,accessbility,accessibility,missing_letter
1507,languge,language,missing_letter
1508,enviromnent,environment,keyboard_error
1509,izmportant,important,extra_letter
1510,studwent,student,extra_letter
1511,komputer,computer,phonetic_error
1512,becase,because,missing_letter
1513,langumage,language,extra_letter
1514,bautiful,beautiful,missing_letter
1515,accsesibility,accessibility,keyboard_error
1516,ebautiful,beautiful,keyboard_error
1517,knowledg,knowledge,missing_letter
1518,funderstanding,understanding,extra_letter
1519,compuer,computer,missing_letter
1520,beauiful,beautiful,missing_letter
1521,evironment,environment,missing_letter
1522,tecnology,technology,missing_letter
1523,environmen,environment,missing_letter
1524,ibeautiful,beautiful,extra_letter
1525,languag,language,missing_letter
1526,laerning,learning,keyboard_error
1527,becabuse,because,extra_letter
1528,ccessibility,accessibility,missing_letter
1529,beautiul,beautiful,missing_letter
1530,environbment,environment,extra_letter
1531,learing,learning,missing_letter
1532,beacuse,because,keyboard_error
1533,impotant,important,missing_letter
1534,alccessibility,accessibility,extra_letter
1535,accessiblity,accessibility,missing_letter
1536,pratice,practice,missing_letter
1537,ceducation,education,extra_letter
1538,sutdent,student,keyboard_error
1539,eductaion,education,keyboard_error
1540,definietly,definitely,keyboard_error
1541,defintely,definitely,missing_letter
1542,accesibility,accessibility,missing_letter
1543,practce,practice,missing_letter
1544,beatiful,beautiful,missing_letter
1545,educashun,education,phonetic_error
1546,leraning,learning,keyboard_error
1547,defiitely,definitely,missing_letter
1548,akkessibility,accessibility,phonetic_error
1549,beuatiful,beautiful,keyboard_error
1550,ocmputer,computer,keyboard_error
1551,becauset,because,extra_letter
1552,technloogy,technology,keyboard_error
1553,compter,computer,missing_letter
1554,tekhnology,technology,phonetic_error
1555,technomlogy,technology,extra_letter
1556,ecause,because,missing_letter
1557,practic,practice,missing_letter
1558,becaue,because,missing_letter
1559,studentt,student,extra_letter
1560,auccessibility,accessibility,extra_letter
1561,cacessibility,accessibility,keyboard_error
1562,efinitely,definitely,missing_letter
1563,technoxlogy,technology,extra_letter
1564,educashun,education,phonetic_error
1565,languag,language,missing_letter
1566,accssibility,accessibility,missing_letter
1567,technolgoy,technology,keyboard_error
1568,definitelyb,definitely,extra_letter
1569,tudent,student,missing_letter
1570,konwledge,knowledge,keyboard_error
1571,becaues,because,keyboard_error
1572,learxning,learning,extra_letter
1573,enviornment,environment,keyboard_error
1574,egducation,education,extra_letter
1575,studen,student,missing_letter
1576,compauter,computer,extra_letter
1577,learnnig,learning,keyboard_error
1578,accessiiblity,accessibility,keyboard_error
1579,acqcessibility,accessibility,extra_letter
1580,earning,learning,missing_letter
1581,faccessibility,accessibility,extra_letter
1582,knoweldge,knowledge,keyboard_error
1583,eduation,education,missing_letter
1584,pratice,practice,missing_letter
1585,parctice,practice,keyboard_error
1586,beautiul,beautiful,missing_letter
1587,cyomputer,computer,extra_letter
1588,undershtanding,understanding,extra_letter
1589,tekhnology,technology,phonetic_error
1590,unedrstanding,understanding,keyboard_error
1591,elarning,learning,keyboard_error
1592,accessibilityu,accessibility,extra_letter
1593,educashun,education,phonetic_error
1594,leiarning,learning,extra_letter
1595,educatin,education,missing_letter
1596,beautiul,beautiful,missing_letter
1597,etchnology,technology,keyboard_error
1598,ecause,because,missing_letter
1599,stiudent,student,extra_letter
1600,tekhnology,technology,phonetic_error
1601,impotrant,important,keyboard_error
1602,pactice,practice,missing_letter
1603,acessibility,accessibility,missing_letter
1604,edfinitely,definitely,keyboard_error
1605,hknowledge,knowledge,extra_letter
1606,bekause,because,phonetic_error
1607,beahutiful,beautiful,extra_letter
1608,understandign,understanding,keyboard_error
1609,becausev,because,extra_letter
1610,undersatnding,understanding,keyboard_error
1611,learnng,learning,missing_letter
1612,beautfiul,beautiful,keyboard_error
1613,studen,student,missing_letter
1614,pratice,practice,missing_letter
1615,understandng,understanding,missing_letter
1616,imporatnt,important,keyboard_error
1617,educatoin,education,keyboard_error
1618,knowldege,knowledge,keyboard_error
1619,knwoledge,knowledge,keyboard_error
1620,studnt,student,missing_letter
1621,tsudent,student,keyboard_error
1622,comdputer,computer,extra_letter
1623,enironment,environment,missing_letter
1624,definitelyy,definitely,extra_letter
1625,edujcation,education,extra_letter
1626,leaning,learning,missing_letter
1627,evnironment,environment,keyboard_error
1628,accessyibility,accessibility,extra_letter
1629,langukage,language,extra_letter
1630,pracitce,practice,keyboard_error
1631,understandign,understanding,keyboard_error
1632,learnig,learning,missing_letter
1633,educashun,education,phonetic_error
1634,pracitce,practice,keyboard_error
1635,ractice,practice,missing_letter
1636,becuse,because,missing_letter
1637,pracstice,practice,extra_letter
1638,importat,important,missing_letter
1639,learnin,learning,missing_letter
1640,komputer,computer,phonetic_error
1641,imoprtant,important,keyboard_error
1642,importat,important,missing_letter
1643,lnguage,language,missing_letter
1644,envronment,environment,missing_letter
1645,sutdent,student,keyboard_error
1646,uenderstanding,understanding,extra_letter
1647,compuetr,computer,keyboard_error
1648,accecssibility,accessibility,extra_letter
1649,compter,computer,missing_letter
1650,enviromnent,environment,keyboard_error
1651,langouage,language,extra_letter
1652,technoogy,technology,missing_letter
1653,knowledtge,knowledge,extra_letter
1654,knowlegde,knowledge,keyboard_error
1655,dfinitely,definitely,missing_letter
1656,accessibiliyt,accessibility,keyboard_error
1657,leanring,learning,keyboard_error
1658,beautixful,beautiful,extra_letter
1659,definiteyl,definitely,keyboard_error
1660,lerning,learning,missing_letter
1661,practic,practice,missing_letter
1662,studgent,student,extra_letter
1663,hstudent,student,extra_letter
1664,knowlege,knowledge,missing_letter
1665,uderstanding,understanding,missing_letter
1666,earning,learning,missing_letter
1667,detfinitely,definitely,extra_letter
1668,ocmputer,computer,keyboard_error
1669,praktike,practice,phonetic_error
1670,omputer,computer,missing_letter
1671,enironment,environment,missing_letter
1672,pkractice,practice,extra_letter
1673,langudage,language,extra_letter
1674,compter,computer,missing_letter
1675,enviironment,environment,extra_letter
1676,educashun,education,phonetic_error
1677,compuetr,computer,keyboard_error
1678,ducation,education,missing_letter
1679,educatison,education,extra_letter
1680,becase,because,missing_letter
1681,xlearning,learning,extra_letter
1682,beeautiful,beautiful,extra_letter
1683,understandingl,understanding,extra_letter
1684,beacuse,because,keyboard_error
1685,accessibilit,accessibility,missing_letter
1686,praktike,practice,phonetic_error
1687,comuter,computer,missing_letter
1688,stduent,student,keyboard_error
1689,compuetr,computer,keyboard_error
1690,kcomputer,computer,extra_letter
1691,pracitce,practice,keyboard_error
1692,eductaion,education,keyboard_error
1693,bekause,because,phonetic_error
1694,environmejnt,environment,extra_letter
1695,copmuter,computer,keyboard_error
1696,knolwedge,knowledge,keyboard_error
1697,practiuce,practice,extra_letter
1698,efducation,education,extra_letter
1699,beautiflu,beautiful,keyboard_error
1700,becaues,because,keyboard_error
1701,technologyi,technology,extra_letter
1702,definitelby,definitely,extra_letter
1703,envirwonment,environment,extra_letter
1704,konwledge,knowledge,keyboard_error
1705,knwoledge,knowledge,keyboard_error
1706,kcomputer,computer,extra_letter
1707,becaus,because,missing_letter
1708,accesibility,accessibility,missing_letter
1709,komputer,computer,phonetic_error
1710,undertanding,understanding,missing_letter
1711,knowldege,knowledge,keyboard_error
1712,tcehnology,technology,keyboard_error
1713,ractice,practice,missing_letter
1714,undersztanding,understanding,extra_letter
1715,technolog,technology,missing_letter
1716,tekhnology,technology,phonetic_error
1717,accesibility,accessibility,missing_letter
1718,mstudent,student,extra_letter
1719,mportant,important,missing_letter
1720,studnt,student,missing_letter
1721,etchnology,technology,keyboard_error
1722,enavironment,environment,extra_letter
1723,tehcnology,technology,keyboard_error
1724,definiely,definitely,missing_letter
1725,enviornment,environment,keyboard_error
1726,dfinitely,definitely,missing_letter
1727,languaeg,language,keyboard_error
1728,tekhnology,technology,phonetic_error
1729,importan,important,missing_letter
1730,technolgy,technology,missing_letter
1731,comupter,computer,keyboard_error
1732,definiteyl,definitely,keyboard_error
1733,definiteyl,definitely,keyboard_error
1734,beautiufl,beautiful,keyboard_error
1735,parctice,practice,keyboard_error
1736,ractice,practice,missing_letter
1737,educashun,education,phonetic_error
1738,edcation,education,missing_letter
1739,immportant,important,extra_letter
1740,csomputer,computer,extra_letter
1741,understandiong,understanding,extra_letter
1742,knowedge,knowledge,missing_letter
1743,defnitely,definitely,missing_letter
1744,definitly,definitely,missing_letter
1745,accessibiity,accessibility,missing_letter
1746,evnironment,environment,keyboard_error
1747,bcause,because,missing_letter
1748,jcomputer,computer,extra_letter
1749,understandign,understanding,keyboard_error
1750,praktike,practice,phonetic_error
1751,impotant,important,missing_letter
1752,educashun,education,phonetic_error
1753,becase,because,missing_letter
1754,prctice,practice,missing_letter
1755,environmient,environment,extra_letter
1756,beautiufl,beautiful,keyboard_error
1757,bekause,because,phonetic_error
1758,bekause,because,phonetic_error
1759,beautifl,beautiful,missing_letter
1760,deifnitely,definitely,keyboard_error
1761,alnguage,language,keyboard_error
1762,becasue,because,keyboard_error
1763,becuase,because,keyboard_error
1764,computr,computer,missing_letter
1765,komputer,computer,phonetic_error
1766,understadning,understanding,keyboard_error
1767,bekause,because,phonetic_error
1768,langnuage,language,extra_letter
1769,accessibilikty,accessibility,extra_letter
1770,knowledgje,knowledge,extra_letter
1771,pracitce,practice,keyboard_error
1772,tudent,student,missing_letter
1773,compuer,computer,missing_letter
1774,tekhnology,technology,phonetic_error
1775,knowsledge,knowledge,extra_letter
1776,envronment,environment,missing_letter
1777,pracice,practice,missing_letter
1778,knowlege,knowledge,missing_letter
1779,languagze,language,extra_letter
1780,environemnt,environment,keyboard_error
1781,enironment,environment,missing_letter
1782,praktike,practice,phonetic_error
1783,understaning,understanding,missing_letter
1784,lerning,learning,missing_letter
1785,computerr,computer,extra_letter
1786,compumter,computer,extra_letter
1787,praktike,practice,phonetic_error
1788,prafctice,practice,extra_letter
1789,practce,practice,missing_letter
1790,akkessibility,accessibility,phonetic_error
1791,bdefinitely,definitely,extra_letter
1792,becasue,because,keyboard_error
1793,parctice,practice,keyboard_error
1794,stuent,student,missing_letter
1795,langulage,language,extra_letter
1796,beautifulg,beautiful,extra_letter
1797,defiitely,definitely,missing_letter
1798,komputer,computer,phonetic_error
1799,bewcause,because,extra_letter
1800,becaue,because,missing_letter
1801,becauseo,because,extra_letter
1802,definitxely,definitely,extra_letter
1803,etchnology,technology,keyboard_error
1804,defpinitely,definitely,extra_letter
1805,technoolgy,technology,keyboard_error
1806,impgortant,important,extra_letter
1807,cacessibility,accessibility,keyboard_error
1808,accescsibility,accessibility,extra_letter
1809,nevironment,environment,keyboard_error
1810,akkessibility,accessibility,phonetic_error
1811,miportant,important,keyboard_error
1812,leaning,learning,missing_letter
1813,komputer,computer,phonetic_error
1814,larning,learning,missing_letter
1815,nvironment,environment,missing_letter
1816,learnnig,learning,keyboard_error
1817,komputer,computer,phonetic_error
1818,tsudent,student,keyboard_error
1819,bautiful,beautiful,missing_letter
1820,studen,student,missing_letter
1821,accesibility,accessibility,missing_letter
1822,knowlnedge,knowledge,extra_letter
1823,technlogy,technology,missing_letter
1824,understandin,understanding,missing_letter
1825,learnin,learning,missing_letter
1826,studet,student,missing_letter
1827,deifnitely,definitely,keyboard_error
1828,knoledge,knowledge,missing_letter
1829,languagye,language,extra_letter
1830,compsuter,computer,extra_letter
1831,studet,student,missing_letter
1832,techunology,technology,extra_letter
1833,akkessibility,accessibility,phonetic_error
1834,computper,computer,extra_letter
1835,komputer,computer,phonetic_error
1836,ecause,because,missing_letter
1837,dlearning,learning,extra_letter
1838,echnology,technology,missing_letter
1839,defiitely,definitely,missing_letter
1840,beadutiful,beautiful,extra_letter
1841,udnerstanding,understanding,keyboard_error
1842,deifnitely,definitely,keyboard_error
1843,technoolgy,technology,keyboard_error
1844,tefchnology,technology,extra_letter
1845,lamnguage,language,extra_letter
1846,akkessibility,accessibility,phonetic_error
1847,computqer,computer,extra_letter
1848,definitelzy,definitely,extra_letter
1849,akkessibility,accessibility,phonetic_error
1850,studnet,student,keyboard_error
1851,tekhnology,technology,phonetic_error
1852,technolog,technology,missing_letter
1853,importan,important,missing_letter
1854,comptuer,computer,keyboard_error
1855,languaeg,language,keyboard_error
1856,studenty,student,extra_letter
1857,tekhnology,technology,phonetic_error
1858,knowledg,knowledge,missing_letter
1859,envmironment,environment,extra_letter
1860,ebecause,because,extra_letter
1861,laguage,language,missing_letter
1862,ducation,education,missing_letter
1863,defiintely,definitely,keyboard_error
1864,bceause,because,keyboard_error
1865,learqning,learning,extra_letter
1866,undestanding,understanding,missing_letter
1867,unedrstanding,understanding,keyboard_error
1868,earning,learning,missing_letter
1869,undersatnding,understanding,keyboard_error
1870,becaause,because,extra_letter
1871,studenut,student,extra_letter
1872,qbecause,because,extra_letter
1873,akkessibility,accessibility,phonetic_error
1874,langupage,language,extra_letter
1875,knowedge,knowledge,missing_letter
1876,prcatice,practice,keyboard_error
1877,defiintely,definitely,keyboard_error
1878,edcation,education,missing_letter
1879,environmnet,environment,keyboard_error
1880,undersanding,understanding,missing_letter
1881,praktike,practice,phonetic_error
1882,bekause,because,phonetic_error
1883,edcation,education,missing_letter
1884,learnin,learning,missing_letter
1885,defiitely,definitely,missing_letter
1886,beautifl,beautiful,missing_letter
1887,importaqnt,important,extra_letter
1888,accssibility,accessibility,missing_letter
1889,becaeuse,because,extra_letter
1890,enviornment,environment,keyboard_error
1891,stufdent,student,extra_letter
1892,ejnvironment,environment,extra_letter
1893,tehnology,technology,missing_letter
1894,tekhnology,technology,phonetic_error
1895,comptuer,computer,keyboard_error
1896,accessiiblity,accessibility,keyboard_error
1897,akkessibility,accessibility,phonetic_error
1898,defainitely,definitely,extra_letter
1899,pactice,practice,missing_letter
1900,learningz,learning,extra_letter
1901,envionment,environment,missing_letter
1902,learnnig,learning,keyboard_error
1903,lnguage,language,missing_letter
1904,educatiocn,education,extra_letter
1905,understnding,understanding,missing_letter
1906,copmuter,computer,keyboard_error
1907,understoanding,understanding,extra_letter
1908,accessiility,accessibility,missing_letter
1909,knowledgie,knowledge,extra_letter
1910,studen,student,missing_letter
1911,compubter,computer,extra_letter
1912,computr,computer,missing_letter
1913,hpractice,practice,extra_letter
1914,becasue,because,keyboard_error
1915,accesosibility,accessibility,extra_letter
1916,comuter,computer,missing_letter
1917,compute,computer,missing_letter
1918,beauiful,beautiful,missing_letter
1919,tekhnology,technology,phonetic_error
1920,imporktant,important,extra_letter
1921,definiteyl,definitely,keyboard_error
1922,elarning,learning,keyboard_error
1923,tekhnology,technology,phonetic_error
1924,importat,important,missing_letter
1925,educashun,education,phonetic_error
1926,laguage,language,missing_letter
1927,definiely,definitely,missing_letter
1928,knowlege,knowledge,missing_letter
1929,unerstanding,understanding,missing_letter
1930,accessbiility,accessibility,keyboard_error
1931,accessbility,accessibility,missing_letter
1932,dfeinitely,definitely,keyboard_error
1933,tekhnology,technology,phonetic_error
1934,eudcation,education,keyboard_error
1935,stuednt,student,keyboard_error
1936,ocmputer,computer,keyboard_error
1937,prcatice,practice,keyboard_error
1938,becase,because,missing_letter
1939,ducation,education,missing_letter
1940,lgearning,learning,extra_letter
1941,languagge,language,extra_letter
1942,oenvironment,environment,extra_letter
1943,understandnig,understanding,keyboard_error
1944,knowlege,knowledge,missing_letter
1945,educatoin,education,keyboard_error
1946,lanbguage,language,extra_letter
1947,lerning,learning,missing_letter
1948,unduerstanding,understanding,extra_letter
1949,studenvt,student,extra_letter
1950,bceause,because,keyboard_error
1951,lanjguage,language,extra_letter
1952,studentw,student,extra_letter
1953,compiuter,computer,extra_letter
1954,practiceb,practice,extra_letter
1955,educashun,education,phonetic_error
1956,educashun,education,phonetic_error
1957,stduent,student,keyboard_error
1958,bekause,because,phonetic_error
1959,undrstanding,understanding,missing_letter
1960,deifnitely,definitely,keyboard_error
1961,environmrent,environment,extra_letter
1962,lanugage,language,keyboard_error
1963,praktike,practice,phonetic_error
1964,sotudent,student,extra_letter
1965,pratcice,practice,keyboard_error
1966,practcie,practice,keyboard_error
1967,laanguage,language,extra_letter
1968,becaus,because,missing_letter
1969,bceause,because,keyboard_error
1970,pracxtice,practice,extra_letter
1971,tekhnology,technology,phonetic_error
1972,imporant,important,missing_letter
1973,chomputer,computer,extra_letter
1974,accessibiltiy,accessibility,keyboard_error
1975,pracitce,practice,keyboard_error
1976,accessibiilty,accessibility,keyboard_error
1977,nowledge,knowledge,missing_letter
1978,opractice,practice,extra_letter
1979,akkessibility,accessibility,phonetic_error
1980,enlvironment,environment,extra_letter
1981,becuase,because,keyboard_error
1982,practie,practice,missing_letter
1983,eduction,education,missing_letter
1984,eduaction,education,keyboard_error
1985,practie,practice,missing_letter
1986,ractice,practice,missing_letter
1987,konwledge,knowledge,keyboard_error
1988,tcehnology,technology,keyboard_error
1989,compter,computer,missing_letter
1990,cmputer,computer,missing_letter
1991,knoweldge,knowledge,keyboard_error
1992,defiintely,definitely,keyboard_error
1993,envronment,environment,missing_letter
1994,priactice,practice,extra_letter
1995,tekhnology,technology,phonetic_error
1996,dfinitely,definitely,missing_letter
1997,environmentz,environment,extra_letter
1998,environent,environment,missing_letter
1999,enavironment,environment,extra_letter
2000,educatoin,education,keyboard_error
